ID,Категория,Название мастерской / имя мастера,Никнейм,Город,Регион,Что производит,Признаки собственного производства,Активность,Последняя обнаруженная активность,Основной способ связи,Основной контакт,VK,Telegram,Instagram / другая соцсеть,Сайт,Email,Дополнительные контакты,Основной источник,Дополнительный источник,Почему подходит нашей мастерской,Потенциально интересующие детали / услуги,Коммерческая релевантность 1-5,Качество лида A/B/C,Комментарий исследователя,Дата проверки
C001,Cosplay studio,ДЖАТ мастерская (JAT Works),jat.works / jatworks,Москва,Москва,"Доспехи и броня, шлемы, маски, копии оружия, пошив костюмов, фурри-костюмы, реквизит и бутафория для киносъёмок, предметы интерьера","Прямая цитата с сайта: «В мастерской освоен полный цикл производства — от идеи и наброска до законченного продукта»; работа с пластиками, текстилем и электроникой; ОТДЕЛЬНОЕ направление 3D-печати (FDM и SLA) и 3D-моделирования по эскизам; помощь со вступлением в 501-й легион (Lucasfilm) — то есть серийная сборка костюмов по стандарту",Активна,2026-09 — сайт и соцсети живые; заявлено более 10 лет работы,Email,info@jat.works,https://vk.com/jat.works,https://t.me/jatworks,,https://jat.works,info@jat.works,"Адрес мастерской: Москва, ул. Никитинская 5А (м. Измайлово)",https://jat.works/cosplay,https://jat.works,"Один из немногих по-настоящему оснащённых игроков рынка: уже есть FDM и SLA, значит объём печати достаточен, чтобы часть отдавать на сторону при пиковой загрузке. Серийка костюмов 501-го легиона — повторяемые детали в тираже, наш профиль. Прямой email плюс Telegram делают вход в переговоры самым лёгким во всей базе.","Тиражирование повторяемых деталей брони и шлемов, крупногабаритная печать, SLA-детали высокой точности, мастер-модели, механические узлы",5,A,"Самый «взрослый» лид косплей-базы: публичный адрес цеха, email, 10+ лет. Уже печатает сам — продавать надо мощность и то, чего их парк не умеет.",2026-09-15
C002,Cosplay studio,Мануфактура косплея (Cosplay Manufactory),cosplaymanufactory,Екатеринбург,Свердловская область,"Бутафория, реквизит, реплики, декорации, оборудование для квестов, маски, пошив костюмов, статуэтки, изделия из кожи и металла, аниматроника, ростовые статуи; отдельно — продажа материалов для косплея (EVA foam и др.)","Собственная мастерская с адресом, раздел «3D-печать на заказ, 3D-моделирование»; в интервью на 3Dtoday команда описана как «разрабатывает механизмы, делает постобработку, подсветку и ЛИТЬЁ ПЛАСТИКА (мелкосерийка)»; броня преимущественно EVA foam, шлемы — 3D-печать",Активна,"2026-09 — сайт индексируется и активно цитируется, блог-активность на 3dtoday",Email,info@cosplaymanufactory.ru,,,,http://cosplaymanufactory.ru/,info@cosplaymanufactory.ru,"Адрес: Екатеринбург, пр. Космонавтов, 11. Телефон из поисковой выдачи: +7-908-923-37-90 (сверить на первоисточнике). VK-сообщество у этой мастерской есть (страница-визитка построена на нём), но точный URL в источнике не раскрыт — не указываю, чтобы не выдумывать ссылку.",http://cosplaymanufactory.ru/masterskaya/,https://3dtoday.ru/blogs/cvetmir3d/3d-printing-in-cosplay-props-production-props-and-replicas12,"Единственные во всей выборке, кто прямо употребляет слово «мелкосерийка» о собственном литье пластика, и при этом уже печатают шлемы. Это готовый язык для разговора: им не нужно объяснять ни технологию, ни экономику тиража. Плюс закрывают Екатеринбург — крупнейший рынок Урала.","Мелкосерийные тиражи деталей, мастер-модели под литьё, печать шлемов и механизмов, аниматроника, оснастка",5,A,Наиболее явный «мелкосерийный» профиль базы. Сайт временами отдаёт HTTP 503 — при контакте надёжнее email. Телефон взят из поисковой выдачи и НЕ подтверждён на первоисточнике.,2026-09-15
C003,Prop maker,Wizard Workshop (Реквизит для съёмок),wizardsworks,Москва,Москва,"Косплей-реквизит и бутафория, доспехи, оружие, шлемы, маски, аксессуары, элементы костюмов, реквизит для съёмок","«3D-печать на заказ» заявлена ОТДЕЛЬНОЙ УСЛУГОЙ (запчасти, корпуса, держатели, фигурки) с постобработкой и профессиональным окрашиванием; материалы PETG и фотополимер, EVA-крафт; собственное 3D-моделирование и лазерная резка; пайка и программирование Arduino; встроенная подсветка и аккумуляторы",Активна,"2026-09 — страница активна, доставка по РФ",Telegram,https://t.me/wizardsworks,https://vk.com/club212058151,https://t.me/wizardsworks,,https://wizardworkshop.orgs.biz,,"Телефоны (опубликованы как контакты для заказов): +7 (905) 777-98-37, +7 (925) 809-18-59",https://wizardworkshop.orgs.biz/,https://vk.com/club212058151,"Сочетание 3D-печати, лазерной резки и электроники Arduino означает, что они берут технически сложные заказы, где узкое место — именно печать точных корпусов и держателей. Идеальный профиль под аутсорс печати при перегрузке. Единственный VK-URL, зафиксированный точно, плюс прямой Telegram.","Корпуса, держатели, крепления, точные детали PETG и фотополимер, механические узлы, тиражирование",5,A,"Один из лучших целевых лидов по 3D-печати. VK-сообщество club212058151 зафиксировано точно, в отличие от большинства orgs.biz-карточек.",2026-09-15
C004,Prop maker,Shen Sabers,shensabers,Москва,Москва,"Световые мечи ручной работы под дуэли, пустые рукояти под самосборку, шасси с кристаллокамерами, электронные модули (Proffieboard, LED, кнопки, платы зарядки), клинки","SLS и другие методы 3D-печати для шасси и компонентов; ЧПУ-обработка алюминия и анодирование; собственная сборка с интеграцией электроники; собственная линейка моделей («Brave Master», «Amphibian», «Legend Hero», «Factum») — то есть повторяемые SKU",Активна,2026-09 — работающий магазин с ценами 7 000–38 900 ₽,Сайт,https://shensabers.orgs.biz,,,,https://shensabers.orgs.biz,,"Телефон (опубликован как контакт для заказов): +7 (495) 744-86-93. VK-сообщество у этой мастерской есть (страница-визитка построена на нём), но точный URL в источнике не раскрыт — не указываю, чтобы не выдумывать ссылку.",https://shensabers.orgs.biz/,,"Самый инженерный профиль всей базы: SLS-печать плюс ЧПУ-алюминий плюс собственная электроника и линейка повторяемых моделей. Это эталонный мелкосерийный производитель, у которого потребность в печати постоянная и измеримая, а не разовая.","SLS и FDM-печать шасси, кристаллокамеры, корпуса электроники, крепления, тиражирование повторяемых SKU",5,A,"Продают пустые рукояти под самосборку — значит уже мыслят компонентами, а не только готовыми изделиями. Точный VK-URL не зафиксирован.",2026-09-15
C005,Prop maker,Cyber Craft,cyber-craft,не указан,не указан,"Реалистичные шлемы из фильмов и игр (Star Wars, Mandalorian, Titanfall, Helldivers), косплей-броня и костюмы, аксессуары",Прямо заявлено «собственное производство» и гарантия 6 месяцев как производителя; электроника «спроектирована нашими инженерами» и изготовлена на заводе; корпус из ABS-пластика; японские ЛКМ; кастомная покраска и брендирование,Активна,2026-09 — работающий интернет-магазин с ценами и конфигуратором,Email,info@cyber-craft.ru,,,,https://cyber-craft.ru/,info@cyber-craft.ru,Телефон (опубликован как контакт): +7 913 108-98-27,https://cyber-craft.ru/,,"Единственные в выборке, кто позиционируется как СЕРИЙНЫЙ производитель шлемов с гарантией и конфигуратором. Тиражируемые SKU из ABS плюс собственная электроника — это ровно тот масштаб, где закупка печатных деталей у подрядчика становится экономически осмысленной.","Тиражирование корпусов и деталей шлемов, крепления, корпуса электроники, мелкосерийные повторяемые детали",5,A,"Город прямо не указан; код телефона +7 913 указывает на Сибирь (вероятно Новосибирск), но это КОСВЕННЫЙ признак, а не подтверждение. Есть публичный email.",2026-09-15
C006,Cosplay studio,Мастерская СКЛО,sklo-natalia,Санкт-Петербург,Санкт-Петербург,"Костюмы для косплея «под ключ», МАСКИ из силикона и латекса (10 000–25 000 ₽), бутафория, декорации, ростовые куклы, рюкзаки и сумки, копыта, рога, зеркальные костюмы, театральные костюмы, спецэффекты",Работают с 2009 г.; собственное конструирование лекал; задокументированные этапы литья силиконовых масок; 3D-печать в перечне услуг; портфолио с пошаговым процессом,Активна,"2026-09 — отмечено «новые проекты только осенью», что само по себе признак загрузки",Сайт-визитка VK,https://sklo-natalia.orgs.biz,,,,https://sklo-natalia.orgs.biz,,"Телефон (опубликован как контакт для заказов): +7 (911) 753-26-48. VK-сообщество у этой мастерской есть (страница-визитка построена на нём), но точный URL в источнике не раскрыт — не указываю, чтобы не выдумывать ссылку.",https://sklo-natalia.orgs.biz/,,"Льют силиконовые и латексные маски тиражом — а литьё всегда начинается с мастер-модели, которую сегодня дешевле напечатать, чем вылепить. Плюс копыта и рога: жёсткие повторяющиеся детали. 16 лет работы и очередь до осени говорят о стабильном потоке.","Печатные мастер-модели под литьё, формы, повторяемые детали, оснастка, копыта, рога, жёсткие детали костюма",4,A,"Литьё масок = естественный и прямой спрос на печатные мастер-модели. В источнике направление масок шло отдельной карточкой — объединено сюда, это одна мастерская, а не две.",2026-09-15
C007,Cosplay studio,Ателье «Северный Версаль»,northvers,Санкт-Петербург,Санкт-Петербург,"Костюмы фэнтези, фантастика, аниме, комиксы, фильмы и сериалы; бутафория, косплей, праздничные, спортивные и танцевальные костюмы; массовый пошив для коллективов","Собственное ателье со швеями и мастерами; заявлено оборудование для 3D-печати, вышивки и работы с кожей; пошив по индивидуальным лекалам и меркам",Активна,2026-09 — страница активна,Сайт-визитка VK,https://northvers.orgs.biz/,https://vk.com/northvers,,,https://northvers.orgs.biz/,,"Телефон / WhatsApp / Viber (опубликован как контакт): +7 (931) 581-64-21. Адрес: СПб, Биржевая линия 8-10",https://northvers.orgs.biz/,https://vk.com/northvers,"Сами заявляют наличие 3D-печати и при этом ведут массовый пошив для коллективов — сочетание серийности и уже принятой технологии. Для костюмов коллективов нужны одинаковые жёсткие элементы в количестве, а это прямой тираж.","Тиражные жёсткие элементы костюма, фурнитура, крепления, пряжки, декоративные детали",4,A,"Есть и прокат, но собственное производство подтверждено — квалифицируется. VK-URL зафиксирован точно.",2026-09-15
C008,Prop maker,Dee FX,fxmakeup,Краснодар,Краснодарский край,"Сложная силиконовая бутафория, пластический грим и протезы, реквизит, костюмы для косплея, бутафорская кровь и слизь, накладные уши, носы, рога","Позиционируются как «первая и единственная арт-студия Юга России» по силиконовой бутафории; портфолио лепки масок, литья латекса, готовых протезов для кинопроектов",Активна,2026-09 — страница активна,Сайт-визитка VK,https://fxmakeup.orgs.biz,,,,https://fxmakeup.orgs.biz,,"Телефоны (опубликованы как контакты): +7 (952) 820-16-09, +7 (928) 039-37-18. Адрес: Краснодар, ул. Карасунская, 93. VK-сообщество у этой мастерской есть (страница-визитка построена на нём), но точный URL в источнике не раскрыт — не указываю, чтобы не выдумывать ссылку.",https://fxmakeup.orgs.biz/,https://cospshop.orgs.biz/,"Силиконовое литьё физически невозможно без мастер-модели и формы — то есть у них постоянная потребность в том, что мы делаем лучше и быстрее ручной лепки. Тиражирование протезов для кино = мелкосерийка с повторяющейся геометрией.","Печатные мастер-модели под литьё, формы, повторяемые детали, оснастка, накладные рога и уши, позитивы под формовку",4,A,"Телефоны совпадают с Cosplay Shop SDArt — с высокой вероятностью одна команда под двумя брендами. Обе записи оставлены отдельно, но при обзвоне это, скорее всего, один контакт.",2026-09-15
C009,Prop maker,Мастерская бутафории L-Props,l-props / Larporatory,Москва,Москва,"Декорации, костюмы, реквизит, скульптуры, маски; уличные и интерьерные объекты, интерактивные и сценические, гигантские и миниатюрные; костюмы и маски методом ЛИТЬЯ, пошива и крафта — для кино, мероприятий и перформансов","Собственный цех с публичным адресом и режимом работы, заявлено владение и современными технологиями, и классическими бутафорскими техниками; портфолио реализованных объектов (драконы, костюмы)",Активна,"2026-09 — сайт активен, режим работы пн–пт 12:00–21:00",Email,Larporatory@gmail.com,,,"Instagram, YouTube, TikTok, Facebook — иконки указаны на сайте",https://www.l-props.com/,Larporatory@gmail.com,"Телефоны (опубликованы как контакты): +7 (977) 713-92-88, +7 (977) 456-99-65, +7 (910) 481-22-76. Адрес: Москва, Смирновская ул., 19",https://www.l-props.com/,,"Работают литьём масок и костюмов, но 3D-печать на сайте нигде не упомянута — то есть технологию, скорее всего, ещё не внедрили. Это редкий случай «незанятой» потребности: печатные мастер-модели дадут им прямую экономию там, где сейчас идёт ручная лепка.","Печатные мастер-модели под литьё, формы, повторяемые детали, оснастка, скульптурные позитивы, крупногабаритные детали, механические узлы",4,A,"Прямой email — редкость в этом сегменте. Отсутствие своей печати делает их клиентом, а не конкурентом: лучший профиль для первого захода.",2026-09-15
C010,Cosplay studio,Neo Creates (косплей-ателье и крафт-мастерская),club175869546 / Neo Creates,не указан,Воронежская область,"Укладка и стайлинг париков (основной профиль), крафт, пошив, вышивка, роспись по ткани, украшения, 3D-МОДЕЛИРОВАНИЕ И 3D-ПЕЧАТЬ; обучающие курсы; готовые парики (например Jinx/Arcane — 17 000 ₽)","Обширное портфолио «до/после», детально описанные техпроцессы (завивка на пар, гофрация), мастер-классы в Москве и других городах с 2022 г., 3D-моделирование и 3D-печать заявлены в перечне услуг",Активна,2026-09 — обучение идёт непрерывно с 2022 г. по настоящее время,Сайт-визитка VK,https://club175869546.orgs.biz,,,,https://club175869546.orgs.biz,,"Телефон (опубликован как контакт): +7 (909) 212-06-05. Работают удалённо по всей РФ. VK-сообщество у этой мастерской есть (страница-визитка построена на нём), но точный URL в источнике не раскрыт — не указываю, чтобы не выдумывать ссылку.",https://club175869546.orgs.biz/,,"Сами заявляют 3D-моделирование и печать, а через мастер-классы связаны с десятками начинающих крафтеров — то есть это одновременно и клиент, и канал выхода на новую аудиторию. Закрывают Воронеж, один из целевых городов.","Печать аксессуаров и украшений, крепления для париков и рогов, декоративные детали, мелкосерийные повторяемые элементы",4,A,Обучающее направление делает их особенно ценными как «узел» сети. Точный VK-URL не зафиксирован.,2026-09-15
C011,Cosplay studio,ICS Art Materials (производственный коворкинг для бутафоров),ics-artmaterials,Санкт-Петербург,Санкт-Петербург,"Сам по себе — магазин материалов, НО содержит первый специализированный коворкинг для бутафоров с полным оснащением: лазерный станок с полем 60×90 см, 3D-принтер Raise3D Pro2, вышивальная машина Aurora SM-901",Оборудованный производственный коворкинг с записью и режимом работы; с 2015 г. продвигают инновационные материалы для бутафории и косплея,Активна,"2026-09 — приём в офисе по записи, пн–чт 11:00–19:00, пт 11:00–17:00",Сайт,https://ics-artmaterials.com/coworking/,,,,https://ics-artmaterials.com/,,"Телефон (опубликован как контакт): +7 (812) 907-50-18. Адрес: СПб, Ленинский пр., 139А, Газетный комплекс",https://ics-artmaterials.com/coworking/,https://ics-artmaterials.com/,"Стратегически самый ценный вход в питерское крафт-сообщество: через их коворкинг проходят практически все бутафоры города. Уже владеют Raise3D Pro2, то есть понимают печать, но одной машины на коворкинг заведомо мало — очевидный кандидат на партнёрство по переливу заказов.","Партнёрство по загрузке печати, крупноформатные и срочные заказы, доступ к сообществу мастеров",5,A,"Формально это магазин материалов, а не мейкер, — но производственный коворкинг квалифицирует запись. Ценность прежде всего как ХАБ, а не как единичный заказчик.",2026-09-15
C012,Prop maker,MASKCRAFT (Maskcraft Art),maskcraftart,Сочи,Краснодарский край,"Латексные маски ручной росписи (пример SKU — маска Кори Тейлора, Slipknot); срок изготовления от 2 недель до месяца","Собственное литьё латекса и ручная роспись, заявленные производственные сроки, карточки товаров с повторяющимися SKU",Активна,2026-09 — карточки товаров активны,Сайт-визитка VK,https://maskcraftart.orgs.biz/,,,,https://maskcraftart.orgs.biz/,,"VK-сообщество у этой мастерской есть (страница-визитка построена на нём), но точный URL в источнике не раскрыт — не указываю, чтобы не выдумывать ссылку.",https://maskcraftart.orgs.biz/product/564288,,"Одна и та же маска тиражируется как товарная позиция — значит форма используется многократно, и качество мастер-модели прямо определяет себестоимость. Печатная мастер-модель окупается с первого тиража.","Печатные мастер-модели под литьё, формы, повторяемые детали, оснастка",4,B,"Явно повторяющиеся SKU — надёжный признак мелкосерийки. Контакты, кроме страницы-визитки, не зафиксированы.",2026-09-15
C013,Prop maker,Craft Masks (маски ручной работы),club130491427,не указан,Тульская область,"Маски ручной работы для страйкбола и косплея, маски на заказ; доставка по миру","Ручное изготовление и покраска, приём индивидуальных заказов",Активна,2026-09 — страница активна,Сайт-визитка VK,https://club130491427.orgs.biz/,,,,https://club130491427.orgs.biz/,,"VK-сообщество у этой мастерской есть (страница-визитка построена на нём), но точный URL в источнике не раскрыт — не указываю, чтобы не выдумывать ссылку.",https://club130491427.orgs.biz/,,"Маски — каноничный продукт для связки 3D-печать плюс литьё, с повторяемыми SKU. Страйкбольное направление добавляет требование к прочности и повторяемости, где печать выигрывает у ручной лепки.","Печатные мастер-модели под литьё, формы, повторяемые детали, оснастка, жёсткие основы масок, крепления",4,B,Доставка по миру при ручном производстве означает заметный объём заказов.,2026-09-15
C014,Prop maker,Маски на заказ (Жуковский),club175907460,Жуковский,Московская область,"Эксклюзивные карнавальные и театральные маски ручной работы, венецианские, японские, реалистичные латексные маски для косплея","Ручное изготовление, приём заказных масок",Активна,2026-09 — страница активна,Сайт-визитка VK,https://club175907460.orgs.biz/,,,,https://club175907460.orgs.biz/,,"VK-сообщество у этой мастерской есть (страница-визитка построена на нём), но точный URL в источнике не раскрыт — не указываю, чтобы не выдумывать ссылку.",https://club175907460.orgs.biz/,,"Латексные косплей-маски требуют форм, а формы — мастер-моделей. Подмосковная локация означает удобную логистику из Москвы.","Печатные мастер-модели под литьё, формы, повторяемые детали, оснастка",4,B,"Контакты, кроме страницы-визитки, не зафиксированы.",2026-09-15
C015,Prop maker,Арт-Эш,art-esh,Москва,Москва,"Реалистичные латексные маски на голову собственного производства с ручной росписью, ростовые куклы на заказ",Прямая формулировка сайта: «производя товары из высококачественного латекса и раскрашивая их вручную»; отдельное производство ростовых кукол со срочным изготовлением,Активна,2026-09 — сайт активен,Сайт,https://www.art-esh.ru/,,,,https://www.art-esh.ru/,,Телефон (опубликован как контакт): +7 495 979-19-90,https://www.art-esh.ru/lateksnye-maski/,https://www.art-esh.ru/rostovye-kukly/,Тиражное латексное литьё масок плюс ростовые куклы: и то и другое строится на формах и жёстких каркасных деталях. Срочное изготовление кукол означает потребность в быстром получении деталей — наше преимущество по срокам.,"Печатные мастер-модели под литьё, формы, повторяемые детали, оснастка, каркасные детали ростовых кукол, глаза, крепления",4,B,"Есть и аренда, но собственное производство подтверждено прямой цитатой — квалифицируется.",2026-09-15
C016,Prop maker,FX-SHOP / Денис Райков — пластический грим и спецэффекты,denisraykov,не указан,Санкт-Петербург и Ленинградская область,"Пластический грим, спецэффекты, протезы",Авторская именная студия пластического грима с собственными работами,Активна,2026-09 — страница активна,Сайт-визитка VK,https://denisraykov.orgs.biz/,,,,https://denisraykov.orgs.biz/,,"VK-сообщество у этой мастерской есть (страница-визитка построена на нём), но точный URL в источнике не раскрыт — не указываю, чтобы не выдумывать ссылку.",https://denisraykov.orgs.biz/,,"Пластический грим — это лепка плюс формы, где печатные мастер-модели дают точность и повторяемость, недостижимые вручную. Именной мастер высокого уровня обычно сам принимает решения о технологиях, без согласований.","Печатные мастер-модели под литьё, формы, повторяемые детали, оснастка, позитивы под протезы",4,B,Типичный «private prop maker» верхнего сегмента.,2026-09-15
C017,Prop maker,"Master-Grim (грим, спецэффекты, реквизит, бутафория, косплей)",master-grim,Саратов,Саратовская область,"Изделия любой сложности по индивидуальному запросу — маски и накладки из латекса, шрамы, порезы, эффекты старения, реквизит, бутафория, косплей; также торгуют линзами и гримом",Прямо заявлено изготовление изделий любой сложности по индивидуальному запросу; работа с жидким латексом,Активна,2026-09 — сайт с каталогом активен,Сайт,https://master-grim.ru/,,,,https://master-grim.ru/,,,https://master-grim.ru/g139091-grim-spetseffekty,https://master-grim.ru/,"Латексные накладки и маски по индивидуальному запросу — регулярная потребность в формах и мастер-моделях. Закрывают Саратов, где выбор подрядчиков по печати минимален.","Печатные мастер-модели под литьё, формы, повторяемые детали, оснастка",3,B,"Смешанный профиль магазина и производства, но производство подтверждено текстом сайта.",2026-09-15
C018,Prop maker,За закрытой дверью (бутафория и электроника для квестов),closeddorgroup,не указан (по выдаче — Киров),не указан,"Реквизит, бутафория и ЭЛЕКТРОНИКА по индивидуальному заказу; декорации и реквизит для квестов, театра и кино",Заявлено изготовление игрового реквизита и электроники под заказ,Активна,2026-09 — страница активна,Сайт-визитка VK,https://closeddorgroup.orgs.biz/,,,,https://closeddorgroup.orgs.biz/,,"VK-сообщество у этой мастерской есть (страница-визитка построена на нём), но точный URL в источнике не раскрыт — не указываю, чтобы не выдумывать ссылку.",https://closeddorgroup.orgs.biz/,,"Электроника под заказ всегда тянет за собой корпуса, панели и крепления — прямая ниша FDM-печати. Квест-индустрия закупает реквизит комплектами на всю комнату, то есть тиражами.","Корпуса электроники, панели, держатели, крепления, тиражные детали реквизита",4,B,Город указан по поисковой выдаче (Киров) и требует подтверждения.,2026-09-15
C019,Private cosplay maker,CastleCraft (костюмы Человека-паука на заказ),club139068881,не указан,не указан,"Костюмы Человека-паука на заказ: сублимационная печать, ЛИНЗЫ, детали масок","Специализированное производство под один тип костюма, изготовление на заказ",Активна,2026-09 — страница активна,Сайт-визитка VK,https://club139068881.orgs.biz/,,,,https://club139068881.orgs.biz/,,"VK-сообщество у этой мастерской есть (страница-визитка построена на нём), но точный URL в источнике не раскрыт — не указываю, чтобы не выдумывать ссылку.",https://club139068881.orgs.biz/,,"Узкая специализация на одном SKU — самый явный признак мелкосерийки во всей базе. Фейсшеллы и рамки линз маски Спайдермена печатаются или термоформуются, геометрия повторяется от костюма к костюму: идеальный тираж.","Фейсшеллы, рамки и оправы линз, жёсткие детали масок, тиражирование повторяемой геометрии",4,B,Один повторяющийся продукт = предсказуемый и считаемый объём заказа.,2026-09-15
C020,Prop maker,Мастерская антуража SOCOL и О.С.С.,anturazh-socol-oss,не указан,не указан,"Антуражные костюмы для полигонных игр по тематике S.T.A.L.K.E.R., доспешные аксессуары и шлемы для костюмов",Заявлено изготовление аксессуаров и шлемов,Активна,2026-09 — страница активна,Сайт-визитка VK,https://anturazh-socol-oss.orgs.biz/,,,,https://anturazh-socol-oss.orgs.biz/,,"VK-сообщество у этой мастерской есть (страница-визитка построена на нём), но точный URL в источнике не раскрыт — не указываю, чтобы не выдумывать ссылку.",https://anturazh-socol-oss.orgs.biz/,,"Противогазы, шлемы и обвесы в стилистике S.T.A.L.K.E.R. — типовые изделия, которые делаются сериями на целую полигонную команду. Повторяющаяся номенклатура при заметных тиражах.","Детали шлемов, фильтры и корпуса противогазов, обвесы, крепления, тиражные детали",4,B,"Полигонные игры закупают экипировку на команду — объёмы выше, чем у индивидуального косплея.",2026-09-15
C021,Prop maker,Мастерская Кречет,mkrechet,не указан,не указан,"LARP-оружие и доспехи, художественная ковка, косплей по индивидуальным заказам, шитьё, ЛИТЬЁ, ре-декорирование и ремонт","Разделы галереи с собственными работами, ОТДЕЛЬНАЯ страница «3D-моделирование» в разделе LARP-оружия и доспехов, кузнечное производство",Активна,2026-09 — сайт с наполненной галереей,Сайт,https://mkrechet.ru/,,,,https://mkrechet.ru/,,,https://mkrechet.ru/galereya/kospley-cosplay/uslugi/kospley-individualnye-zakazy-po-lyuboy-idee-i-tematike,https://mkrechet.ru/galereya/rolevoe-larp-oruzhie-i-dospehi/materialy-6/3d-modelirovanie-2,"Отдельная страница про 3D-моделирование в производственном процессе означает, что цифровые модели у них уже есть — недостаёт только мощности печати. Плюс литьё, то есть спрос ещё и на мастер-модели.","Печать по готовым моделям, мастер-модели под литьё, рукояти, гарды, фурнитура",4,B,Город и контакты требуют подтверждения прямым фетчем контактной страницы.,2026-09-15
C022,Cosplay studio,Cosplay Shop! SDArt (арт-студия Stefano Dee-Art),cospshop / SDArt,Краснодар,Краснодарский край,"Оригинальные костюмы и реквизит для косплея, искусственные части тела, маски, рога, изделия из ЛАТЕКСА, театральный грим и спецэффекты; также продают расходные материалы для крафта","Портфолио готовых масок, поясов и театральных изделий; индивидуальные заказы на пластический грим, костюмы и бодипротезы; варианты покраски под заказ; названы конкретные мастера (Stef, Roman)",Активна,2026-09 — страница активна,Сайт-визитка VK,https://cospshop.orgs.biz,,,,https://cospshop.orgs.biz,,"Телефоны (опубликованы как контакты): +7 (952) 820-16-09, +7 (928) 039-37-18. VK-сообщество у этой мастерской есть (страница-визитка построена на нём), но точный URL в источнике не раскрыт — не указываю, чтобы не выдумывать ссылку.",https://cospshop.orgs.biz/,https://fxmakeup.orgs.biz/,"Латексные изделия, рога и искусственные части тела — всё через формы, где печатная мастер-модель даёт и точность, и скорость. Продают материалы другим крафтерам, то есть видят весь краснодарский рынок.","Печатные мастер-модели под литьё, формы, повторяемые детали, оснастка, рога, жёсткие детали костюма",3,B,"ВОЗМОЖНЫЙ ДУБЛЬ: телефоны полностью совпадают с Dee FX — вероятно, одна команда с двумя брендами. При обзвоне проверить, чтобы не обращаться дважды.",2026-09-15
C023,Cosplay studio,Мастерская Артефактов / Косплей ремесло ARTEFACT,artefactcraft,Уфа,Республика Башкортостан,"Броня, реквизит, аксессуары; обучение крафту; совместное производство костюмов","Оборудованная мастерская; работа с EVA-foam, ПВХ-пластиком, стеклотканью, акриловой покраской; названы руководители-крафтеры (Mono Abel, San'ka); мастер-классы и дни открытых дверей",Активна,"2026-09 — регулярные открытые двери, мастер-классы, публикации готовых проектов",Сайт-визитка VK,https://artefactcraft.orgs.biz,,,,https://artefactcraft.orgs.biz,,"Телефон (опубликован как контакт): +7 (905) 353-87-98. Адрес: Уфа, ул. 50 лет СССР, 39/11. VK-сообщество у этой мастерской есть (страница-визитка построена на нём), но точный URL в источнике не раскрыт — не указываю, чтобы не выдумывать ссылку.",https://artefactcraft.orgs.biz/,,"Формат коворкинга означает, что в одной точке сидит много мастеров — один контакт даёт выход на всё уфимское крафт-сообщество. 3D-печати у них явно нет: кандидат на дооснащение через аутсорс.","Печать деталей брони и реквизита, крепления, тиражирование, обучение мастеров работе с печатными деталями",3,B,"Ценность прежде всего как узел сети в регионе, где своих печатников мало.",2026-09-15
C024,Prop maker,LightBrigs (сверхлёгкая броня из титана),lightbrigs,не указан,не указан,Сверхлёгкие бригандины и броня из титана для HMB и исторического фехтования,Прямо опубликованная производственная статистика: «в 2025 году изготовлено 315 различных бригандин силами команды в три с половиной человека» — редкое прямое доказательство серийного производства,Активна,2025 — опубликованная годовая производственная статистика,Сайт-визитка VK,https://lightbrigs.orgs.biz,,,,https://lightbrigs.orgs.biz,,"VK-сообщество у этой мастерской есть (страница-визитка построена на нём), но точный URL в источнике не раскрыт — не указываю, чтобы не выдумывать ссылку.",https://lightbrigs.orgs.biz,,"315 изделий в год командой из трёх человек — зрелая мелкосерийка с реальной потребностью в оснастке, шаблонах и фурнитуре. Титан мы не печатаем, но кондукторы, шаблоны гибки и пластиковая фурнитура закрываются полностью.","Кондукторы и шаблоны для раскроя и гибки, пластиковая фурнитура, застёжки, оснастка",3,B,"Единственные в базе, кто публикует цифры объёма выпуска — ценный ориентир по ёмкости рынка брони.",2026-09-15
C025,Prop maker,"ЛАРЕЦ — декорации, бутафория и реквизит",club173776479,Петрозаводск,Республика Карелия,"Широкий ассортимент бутафории: желатиновые капсулы с искусственной кровью, безопасные бутафорские бутылки, миниатюрные деревья, реалистичные листья из EVA, металлические вырубки любой формы; безопасный реквизит для актёров","Работа с EVA foam, металлом и деревом; подбор материала под задачу изделия; изготовление безопасного реквизита",Активна,2026-09 — страница активна,Email,dor76@mail.ru,,,,https://club173776479.orgs.biz/,dor76@mail.ru,"VK-сообщество у этой мастерской есть (страница-визитка построена на нём), но точный URL в источнике не раскрыт — не указываю, чтобы не выдумывать ссылку.",https://club173776479.orgs.biz/,,"Их продукт — мелкие изделия в тираже (капсулы, листья, вырубки), что по экономике почти идентично мелкосерийной печати. Формы для желатиновых капсул печатаются напрямую.","Формы для капсул и отливок, тиражные мелкие детали, штампы и вырубки, мастер-модели",3,B,Один из немногих с публичным email. Закрывает Карелию.,2026-09-15
C026,Cosplay studio,Школа Бутафора СПб,sao-spb,Санкт-Петербург,Санкт-Петербург,"Обучение бутафории и крафту, мастер-классы; изготовление костюмов и изделий любой сложности на заказ","Мастерская с оборудованием, используемым и для обучения, и для выполнения заказов",Активна,2026-09 — страница активна,Сайт-визитка VK,https://sao-spb.orgs.biz/,,,,https://sao-spb.orgs.biz/,,"VK-сообщество у этой мастерской есть (страница-визитка построена на нём), но точный URL в источнике не раскрыт — не указываю, чтобы не выдумывать ссылку.",https://sao-spb.orgs.biz/,,"Школа — это поток выпускников, каждый из которых становится самостоятельным мастером и потенциальным заказчиком деталей. Один контакт здесь стоит десятка холодных.","Печать учебных и заказных деталей, партнёрство по оснащению, выход на выпускников",3,B,Ценен прежде всего как «хаб» доступа к начинающим мастерам Петербурга.,2026-09-15
C027,Prop maker,LyugnerStore — студия и специальные эффекты,lyugnerstore,не указан,Ярославская область,"Реквизит для косплея и квестов, крупногабаритные декорации, спецэффекты, грим, костюмы","Заявлено собственное изготовление бутафории, костюмов и крупноформатных декораций",Активна,2026-09 — страница активна,Сайт-визитка VK,https://lyugnerstore.orgs.biz/,,,,https://lyugnerstore.orgs.biz/,,"VK-сообщество у этой мастерской есть (страница-визитка построена на нём), но точный URL в источнике не раскрыт — не указываю, чтобы не выдумывать ссылку.",https://lyugnerstore.orgs.biz/,,"Косплей-реквизит прямо в профиле, при этом мастерская вне столиц — там конкуренция за подрядчика по печати минимальна, а логистика из центра России удобна.","Детали реквизита, крепления, механические узлы, тиражные элементы",3,B,Один из немногих найденных вне столиц с явным косплей-направлением.,2026-09-15
C028,Prop maker,Мастерская Kseon'a (Kseon Crafts),kseoncrafts,не указан,не указан,"Текстолитовые мечи и сабли, ролевые изделия; ремонт доспехов и мечей",Механическая обработка текстолита и ремонт — то есть оборудованный цех с инструментом,Активна,2026-09 — страница активна,Сайт-визитка VK,https://kseoncrafts.orgs.biz/,,,,https://kseoncrafts.orgs.biz/,,"VK-сообщество у этой мастерской есть (страница-визитка построена на нём), но точный URL в источнике не раскрыт — не указываю, чтобы не выдумывать ссылку.",https://kseoncrafts.orgs.biz/,,"Рукояти, гарды и навершия печатаются заметно дешевле, чем вытачиваются, и повторяются от изделия к изделию. Ремонтное направление добавляет спрос на замену отдельных деталей.","Рукояти, гарды, навершия, фурнитура, крепления, сменные детали",3,B,,2026-09-15
C029,Cosplay studio,Художественная мастерская Master of Fantasy (MoF Workshop),studiomof,Санкт-Петербург,Санкт-Петербург,"Костюмы любой сложности — косплей, исторические, театральные, танцевальные, праздничные, дизайнерские для фестивалей и шоу; также продают материалы (латексоподобные ткани, металлизированная экокожа, пайетки)","Индивидуальный пошив по меркам, портфолио с описанием материалов, быстрые ремонты силами штата, продажа собственных материалов",Активна,2026-09 — страница активна,Сайт-визитка VK,https://studiomof.orgs.biz,,,,https://studiomof.orgs.biz,,"Телефон (опубликован как контакт): +7 (812) 989-90-30. Адрес: СПб, ул. Ломоносова, 102. VK-сообщество у этой мастерской есть (страница-визитка построена на нём), но точный URL в источнике не раскрыт — не указываю, чтобы не выдумывать ссылку.",https://studiomof.orgs.biz/,,"Профиль преимущественно текстильный, поэтому печать нужна точечно — фурнитура, застёжки, жёсткие аксессуары. Зато штат и постоянный поток костюмов для шоу дают регулярность.","Фурнитура, застёжки, жёсткие аксессуары, декоративные элементы",2,B,,2026-09-15
C030,Prop maker,Мастерская Косматого (шлемы из стали и кожи),kosmohelm,не указан,Владимирская область,"Шлемы из стали 1.5–2 мм и кожи (реконструкция типа Гьермундбю), конфигурации «Хускарл», «Ярл», «Конунг», бармицы и кольчужные наносники, кожаные подшлемники","Клёпка, воронение и оксидирование, вощение, антикоррозийная обработка внутри, индивидуальные размеры, ДАТИРОВАННЫЕ фотогалереи процесса с атрибуцией заказчикам",Активна,2026-09 — постоянные новые работы,Сайт-визитка VK,https://kosmohelm.orgs.biz,,,,https://kosmohelm.orgs.biz,,"Телефон (опубликован как контакт): +7 (904) 956-10-02. VK-сообщество у этой мастерской есть (страница-визитка построена на нём), но точный URL в источнике не раскрыт — не указываю, чтобы не выдумывать ссылку.",https://kosmohelm.orgs.biz/,,"Металлообработка, поэтому прямой спрос на печать невелик — но именованные конфигурации («Хускарл», «Ярл») означают повторяемые модели, для которых полезны шаблоны и оснастка.","Шаблоны и кондукторы, оснастка, декоративные накладки",2,B,"Скорее историческая реконструкция, чем косплей, но производство реальное и датировано.",2026-09-15
C031,Prop maker,Кузница Севера (Nord Smithy),nordsmithy,Новосибирск,Новосибирская область,"Изделия ручной работы, кованые изделия (номенклатура требует уточнения)","Кузница, ручное производство",Активна,2026-09 — страница активна,Сайт-визитка VK,https://nordsmithy.orgs.biz/,,,,https://nordsmithy.orgs.biz/,,"VK-сообщество у этой мастерской есть (страница-визитка построена на нём), но точный URL в источнике не раскрыт — не указываю, чтобы не выдумывать ссылку.",https://nordsmithy.orgs.biz/,,"Закрывает Новосибирск — один из целевых городов-миллионников, где в остальном косплей-мейкеров через открытый веб найти не удалось.","Оснастка, шаблоны, декоративные накладки",2,B,"Точная номенклатура не подтверждена — при контакте уточнить, делают ли доспехи и оружие.",2026-09-15
C032,Cosplay studio,Творческая мастерская «Заказчик» (Костюмер ТМ),kostumertm,Калининград,Калининградская область,"Индивидуальный пошив одежды, пошив костюмов для коллективов, косплей-костюмы на заказ; также прокат","Собственный швейный цех, пошив для коллективов (серийность)",Активна,2026-09 — страница активна,Сайт-визитка VK,https://kostumertm.orgs.biz/,,,,https://kostumertm.orgs.biz/,,"Телефон (опубликован как контакт): +7 (911) 868-61-02. VK-сообщество у этой мастерской есть (страница-визитка построена на нём), но точный URL в источнике не раскрыт — не указываю, чтобы не выдумывать ссылку.",https://kostumertm.orgs.biz/,,"Текстильный профиль, поэтому релевантность невысокая, но пошив для коллективов означает одинаковые аксессуары в количестве. Закрывает Калининград.","Фурнитура, жёсткие аксессуары, тиражные декоративные детали",2,B,,2026-09-15
C033,Cosplay studio,Мастерская костюма «Rosie»,rosie-atelier,не указан,не указан,"Косплей, в том числе сложные костюмы уровня Final Fantasy XIV, костюмы для аниматоров и шоу, аксессуары",Мастерская костюма с портфолио собственных сложных работ,Активна,2026-09 — страница активна,Сайт-визитка VK,https://rosie-atelier.orgs.biz/,,,,https://rosie-atelier.orgs.biz/,,"VK-сообщество у этой мастерской есть (страница-визитка построена на нём), но точный URL в источнике не раскрыт — не указываю, чтобы не выдумывать ссылку.",https://rosie-atelier.orgs.biz/,,"Костюмы уровня Final Fantasy XIV невозможно собрать без жёстких декоративных элементов — брони, наплечников, украшений. Сложный косплей почти всегда упирается в печатные детали.","Жёсткие декоративные элементы, наплечники, украшения, крепления",3,B,,2026-09-15
C034,Private cosplay maker,JUJU workshop,juju-workshop,не указан,не указан,"Индивидуальный пошив косплея, авторские изделия для животных",Авторская мастерская индивидуального пошива,Активна,2026-09 — страница активна,Сайт-визитка VK,https://juju-workshop.orgs.biz/,,,,https://juju-workshop.orgs.biz/,,"Телефоны (опубликованы как контакты): +7 911 239-16-77, +7 911 239-16-88. VK-сообщество у этой мастерской есть (страница-визитка построена на нём), но точный URL в источнике не раскрыт — не указываю, чтобы не выдумывать ссылку.",https://juju-workshop.orgs.biz/,,"Текстильный профиль, невысокая релевантность — печать нужна для фурнитуры и аксессуаров.","Фурнитура, аксессуары, крепления",2,B,"Код +7911 указывает на СПб/СЗФО, но это косвенный признак, не подтверждение.",2026-09-15
C035,Cosplay studio,Студия «МАСКАРАД ПЛЮС»,82maskaradplus,не указан,Республика Крым (по коду домена «82» — требует подтверждения),"Индивидуальный пошив карнавальных и сценических костюмов, изготовление реквизита для аниматоров по эскизам заказчика, крылья ангела, косплей-одежда, спортивные костюмы; ремонт и реставрация аксессуаров, в том числе кожи","Пошив по эскизам заказчика, собственный ремонт и реставрация",Активна,2026-09 — страница активна,Сайт-визитка VK,https://82maskaradplus.orgs.biz/,,,,https://82maskaradplus.orgs.biz/,,"VK-сообщество у этой мастерской есть (страница-визитка построена на нём), но точный URL в источнике не раскрыт — не указываю, чтобы не выдумывать ссылку.",https://82maskaradplus.orgs.biz/,,"Реквизит для аниматоров по эскизам — регулярные небольшие партии однотипных изделий. Закрывает Крым, полностью непокрытый другими источниками.","Каркасы крыльев, жёсткие детали реквизита, фурнитура",2,B,"Регион определён по цифрам «82» в домене (код Крыма) — это ДОГАДКА, требует подтверждения.",2026-09-15
C036,Prop maker,ВКукле (ростовые куклы и mascot-костюмы),vkukle,Москва / Санкт-Петербург,Москва,"Ростовые куклы и mascot-костюмы по индивидуальному дизайну, с логотипом компании; сроки от 5 дней; бесплатный эскиз","Прямо заявлено «производство в Москве и СПб», индивидуальный дизайн, собственный эскизный отдел",Активна,2026-09 — сайт активен,Сайт,https://vkukle.ru/,,,,https://vkukle.ru/,,,https://vkukle.ru/,,"Маскоты близки к фурсьютам по конструкции головы: глаза, зубы, каркас. Срок от 5 дней означает, что они физически не успевают лепить детали вручную — покупные готовые компоненты для них решение, а не эксперимент.","Каркасы голов, детали глаз, зубы, крепления, вентиляция, мелкосерийные повторяемые детали",3,B,"Корпоративные маскоты — сегмент с бюджетами выше, чем у частного косплея, и с повторными заказами от тех же компаний.",2026-09-15
C037,Prop maker,Мастер Сцена,masterscena,Новосибирск,Новосибирская область,"Изготовление ростовых кукол на заказ, сценическое оформление",Собственное производство с опубликованными ценами и каталогом,Активна,2026-09 — сайт активен,Сайт,https://masterscena.ru/,,,,https://masterscena.ru/,,,https://masterscena.ru/catalog/rostovye-kukly,,"Ростовые куклы требуют каркасов голов, глаз и креплений. Закрывает Новосибирск — целевой город-миллионник.","Каркасы голов, детали глаз, крепления, механические элементы",2,B,,2026-09-15
C038,Private cosplay maker,Творческая мастерская Марии Казаковой,marika23,не указан,Краснодарский край (по коду домена «23» — требует подтверждения),Дизайн и изготовление ростовых кукол (маскотов) на заказ; доставка по всем городам РФ,"Авторская творческая мастерская, собственный дизайн и изготовление",Активна,2026-09 — сайт активен,Сайт,https://marika23.ru/,,,,https://marika23.ru/,,,https://marika23.ru/,,"Авторская мастерская маскотов: каркасы, глаза, крепления. Решения принимает один человек, что ускоряет сделку.","Каркасы голов, детали глаз, крепления",2,B,"Регион определён по цифрам «23» в домене (код Краснодарского края) — ДОГАДКА, требует подтверждения.",2026-09-15
C039,Prop maker,Играмир,igramir,не указан,не указан,Ростовые куклы и маскоты любой сложности; срок изготовления около 3 недель в зависимости от сложности,"Заявленный производственный цикл с конкретными сроками, изготовление по идеям клиента",Активна,2026-09 — сайт активен,Сайт,https://igramir.com/,,,,https://igramir.com/,,,https://igramir.com/lifesize-dolls/,,"Заявленный трёхнедельный цикл — жёсткий срок, при котором готовые печатные компоненты дают выигрыш по времени.","Каркасы голов, детали глаз, крепления, механические элементы",2,B,,2026-09-15
C040,Cosplay studio,Театральное ателье «Сударушка»,sudaryshka,не указан,не указан,"Ростовые куклы любой сложности и размеров, ростовые костюмы на заказ","Собственные мастерские, куда клиента приглашают для обсуждения с художниками и мастерами; изготовление по эскизу, если модели нет в каталоге",Активна,2026-09 — сайт активен,Сайт,https://sudaryshka.ru/,,,,https://sudaryshka.ru/,,,https://sudaryshka.ru/rostovie-kukli/,,"Наличие штата художников и мастеров плюс изготовление по эскизу — признак настоящего производства, а не перепродажи.","Каркасы голов, детали глаз, крепления",2,B,,2026-09-15
C041,Prop maker,Мастерская Гридень,workshopgriden,не указан,не указан,"Доспехи, кольчуги из сварных колец, подшлемники и другие элементы костюма IX–XI вв.",Собственное плетение кольчуг и изготовление элементов костюма,Активна,2026-09 — страница активна,Сайт-визитка VK,https://workshopgriden.orgs.biz/,,,,https://workshopgriden.orgs.biz/,,"VK-сообщество у этой мастерской есть (страница-визитка построена на нём), но точный URL в источнике не раскрыт — не указываю, чтобы не выдумывать ссылку.",https://workshopgriden.orgs.biz/,,Металл и кольчужное плетение — печать почти неприменима. Включён как смежный сегмент (реконструкция граничит с косплей-бронёй) и для полноты картины рынка.,"Оснастка, шаблоны",1,C,Низкий приоритет: технологически далеки от нашего профиля.,2026-09-15
C042,Prop maker,Мастерская Реквизит Антона (Fire Work Room),fireworkroom,не указан,не указан,Огненный и тренировочный реквизит для фаер-шоу,Заявлено собственное изготовление реквизита,Активна,2026-09 — страница активна,Сайт-визитка VK,https://fireworkroom.orgs.biz/,,,,https://fireworkroom.orgs.biz/,,"VK-сообщество у этой мастерской есть (страница-визитка построена на нём), но точный URL в источнике не раскрыт — не указываю, чтобы не выдумывать ссылку.",https://fireworkroom.orgs.biz/,,"Смежный сегмент с собственным производством; печать применима для рукоятей и креплений, но термонагрузка ограничивает применение пластика.","Рукояти, крепления, корпуса",2,C,Фаер-шоу — не косплей; включён как смежное производство. Низкий приоритет.,2026-09-15
C043,Prop maker,Резка пенопласта (СПб-струна),rezkaspbstruna,Санкт-Петербург,Санкт-Петербург,"Термострунная резка пенопласта для театральных декораций, бутафории, объёмных букв, логотипов, декора мероприятий",Собственное станочное производство (термострунная резка),Активна,2026-09 — страница активна,Сайт-визитка VK,https://rezkaspbstruna.orgs.biz/,,,,https://rezkaspbstruna.orgs.biz/,,"VK-сообщество у этой мастерской есть (страница-визитка построена на нём), но точный URL в источнике не раскрыт — не указываю, чтобы не выдумывать ссылку.",https://rezkaspbstruna.orgs.biz/,,"Скорее смежный подрядчик, чем клиент: они закрывают крупные объёмы пенопластом там, где печать нерентабельна. Возможен взаимный обмен заказами.",Взаимное субподрядное партнёрство,2,C,"Партнёр, а не покупатель. Оставлен для полноты картины смежных технологий.",2026-09-15
C044,Prop maker,PandaPlast 77,pandaplast77,не указан,Москва и Московская область,"Фигуры, бутафория, новогодний декор из пенопласта; декорации для кино, театра и мероприятий",Собственное производство пенопластовых фигур,Активна,2026-09 — страница активна,Сайт-визитка VK,https://pandaplast77.orgs.biz/,,,,https://pandaplast77.orgs.biz/,,"VK-сообщество у этой мастерской есть (страница-визитка построена на нём), но точный URL в источнике не раскрыт — не указываю, чтобы не выдумывать ссылку.",https://pandaplast77.orgs.biz/,,"Крупногабаритный пенопласт — смежная технология; печать применима для мелких точных элементов, которые пенопластом не делаются.","Мелкие точные детали, крепления",2,C,,2026-09-15
C045,Private cosplay maker,Мастерская «Studioplat»,studioplat,не указан,не указан,Толстовки с ушками и авторские изделия,Авторская мастерская,Активна,2026-09 — страница активна,Сайт-визитка VK,https://studioplat.orgs.biz/,,,,https://studioplat.orgs.biz/,,"VK-сообщество у этой мастерской есть (страница-визитка построена на нём), но точный URL в источнике не раскрыт — не указываю, чтобы не выдумывать ссылку.",https://studioplat.orgs.biz/,,"Ближе к мерчу, чем к реквизиту; потребность в печатных деталях минимальна.",Фурнитура,1,C,Самый низкий приоритет базы. Оставлен для полноты.,2026-09-15
