Запрос,Город запроса,Название,VK,Подписчиков,Тип,Закрытая
фурсьют на заказ,Казань,Кот Крафт / CatCraft,https://vk.com/catcraft,,group,нет
фурсьют на заказ,Казань,Все для фурсьюта,https://vk.com/club211021956,,group,нет
фурсьют на заказ,Казань,☭||Fursuit studio DeltScar ||☭,https://vk.com/deltscar6745,,group,нет
фурсьют на заказ,Казань,"Прыжки с веревкой! RopeJumping! Туризм, походы в",https://vk.com/kge_tour_plus,,group,нет
фурсьют на заказ,Нижний Новгород,Ростовые куклы «Фабрика Карнавала»,https://vk.com/karnavalnn,,group,нет
фурсьют на заказ,Нижний Новгород,Художник Кэмь,https://vk.com/fyrri_ka,,group,нет
фурсьют на заказ,Ростов-на-Дону,КСФ: техническая группа,https://vk.com/club192404889,,group,нет
фурсьют на заказ,Ростов-на-Дону,Шерсть в радость,https://vk.com/sherstvradost,,group,нет
фурсьют на заказ,Самара,Мастерская _-Ф&П-_,https://vk.com/club201895870,,group,нет
фурсьют на заказ,Самара,Hedgie's Home,https://vk.com/hedgieshome,,group,нет
фурсьют на заказ,Самара,Fursiuts!,https://vk.com/fursiuts,,group,нет
фурсьют на заказ,Самара,Powerlifting IPF™ Samara,https://vk.com/club12474413,,group,да
фурсьют на заказ,Челябинск,Хата снежного лиса,https://vk.com/club154081991,,group,нет
фурсьют на заказ,Челябинск,MeowNeon | Фурсьют мастерская Мяу Неон,https://vk.com/meowneonfurry,,group,нет
фурсьют на заказ,Челябинск,Рыжая рысьца,https://vk.com/club230425320,,group,нет
фурсьют на заказ,Челябинск,Грезы Илайна (18+),https://vk.com/club176598504,,group,да
фурсьют на заказ,Пермь,✦ tereetta fursuits ✦,https://vk.com/tereetta_fursuits,,group,нет
фурсьют на заказ,Красноярск,Дневники  Самиры (Читать описание внимательно),https://vk.com/club68475312,,group,да
фурсьют на заказ,Краснодар,milver! milver!,https://vk.com/mlvrmlvr,,group,нет
фурсьют на заказ,Краснодар,FurrHouse | фурсьют мастерская,https://vk.com/furr_house,,group,нет
фурсьют на заказ,Краснодар,Диш Лучик. Автостопом по мирам. 18+,https://vk.com/dish_lychik_art,,group,нет
фурсьют на заказ,Краснодар,Средняя Общеобразовательная Школа №84,https://vk.com/school84_krd,,group,нет
фурсьют на заказ,Краснодар,VIP-RACING ® | Краснодар.,https://vk.com/vip.racing,,group,нет
фурсьют на заказ,Краснодар,Скутербарахолка Краснодара,https://vk.com/scooterbaryiga,,group,да
фурсьют на заказ,Краснодар,Школа музыки | Краснодар | Красный Металлург,https://vk.com/red_metallurg_krd,,group,нет
фурсьют на заказ,Краснодар,История Краснодара / Ретро Краснодар,https://vk.com/retrokuban,,group,нет
фурсьют на заказ,Краснодар,Молодежный центр развития личности Кубани (МЦРЛ),https://vk.com/mcrl_kuban,,group,нет
фурсьют на заказ,Краснодар,Управление по делам молодёжи Краснодара,https://vk.com/udm_krd,,group,нет
фурсьют на заказ,Краснодар,Твой Ход | Краснодарский Край,https://vk.com/tvoyhod23,,group,нет
фурсьют на заказ,Краснодар,"Краснодар! Продажа б/у телефонов,запчастей,аксессуаров!",https://vk.com/club31474501,,group,нет
фурсьют на заказ,Краснодар,TR | Резиденция | Настольные игры | Антикафе Крд,https://vk.com/tabletop_residence,,group,нет
фурсьют на заказ,Краснодар,Приют для пострадавших животных «КРАСНОДОГ»,https://vk.com/krasnodog_priut,,group,нет
фурсьют на заказ,Краснодар,Отдам Даром Краснодар,https://vk.com/darom_v_krasnodare,,group,нет
фурсьют на заказ,Краснодар,Мегацентр «Красная Площадь»,https://vk.com/red_square_krd,,group,нет
фурсьют на заказ,Краснодар,Додо Пицца Краснодар | Академия Пиццы,https://vk.com/dodokrasnodar,,group,нет
фурсьют на заказ,Краснодар,Ремонт квартир Краснодар | Кухни на заказ,https://vk.com/remont_i_kuhni_krd,,group,нет
фурсьют на заказ,Краснодар,СНО и СМУС КубГТУ | Научное собщество,https://vk.com/sno_kubstu,,group,нет
фурсьют на заказ,Краснодар,ПАНИКА - сеть развлечений,https://vk.com/panika_org_23,,group,нет
фурсьют на заказ,Краснодар,"ГРИМЕР, КРАСНОДАР. ГРИМ И БУТАФОРИЯ КРАСНОДАРЕ",https://vk.com/fxmakeup,,group,нет
фурсьют на заказ,Краснодар,БАЗА_танцевальное пространство,https://vk.com/baza_zavodzip,,group,нет
фурсьют на заказ,Краснодар,"Поисковый отряд ""ЛизаАлерт"" Краснодарского края",https://vk.com/lizaalert_krasnodarskij_kraj,,group,нет
фурсьют на заказ,Краснодар,Flamencia - ФЛАМЕНКО КРАСНОДАР,https://vk.com/flamenco,,group,нет
фурсьют на заказ,Краснодар,Суши Мастер Краснодар,https://vk.com/sushi_m_krasnodar,,group,нет
фурсьют на заказ,Краснодар,Не Школа Барабанов Краснодар,https://vk.com/kdr_neshkola_barabanov,,group,нет
фурсьют на заказ,Краснодар,Центр рекламных решений,https://vk.com/s__reklama,,group,нет
фурсьют на заказ,Краснодар,Волшебный мир забытых сказок с Alizbar,https://vk.com/alizbar_warm_travel,,group,нет
фурсьют на заказ,Краснодар,PiroProfi - Портреты на заказ,https://vk.com/piroprofi,,group,нет
фурсьют на заказ,Краснодар,ТОРТЫ | ДЕСЕРТЫ на заказ Краснодар | sunya_cakes,https://vk.com/sunya_cakes,,group,нет
фурсьют на заказ,Краснодар,Педагогический Отряд «Прайд» | КубГТУ,https://vk.com/spoprayd,,group,нет
фурсьют на заказ,Краснодар,Кроликовая мастерская,https://vk.com/club133320983,,group,нет
фурсьют на заказ,Краснодар,Ангельская Баня на дровах,https://vk.com/angelbanya,,group,нет
фурсьют на заказ,Краснодар,"Доставка пиццы  ""Пицца-тайм""",https://vk.com/club_pizza_time323dinskaya,,group,нет
фурсьют на заказ,Краснодар,Рок магазин Медведь Краснодар,https://vk.com/medvedkrd,,group,нет
фурсьют на заказ,Краснодар,ALEX FITNESS Краснодар,https://vk.com/alexfitness_krd,,group,нет
фурсьют на заказ,Краснодар,Пост № 1 г.Краснодар,https://vk.com/club62048843,,group,нет
фурсьют на заказ,Краснодар,Подслушано школа №42 Краснодар,https://vk.com/podslushano42lovelovelove,,group,да
фурсьют на заказ,Краснодар,Starry sky•°,https://vk.com/sta.rry_sky,,group,нет
фурсьют на заказ,Краснодар,Stushape,https://vk.com/club234612128,,group,нет
фурсьют на заказ,Краснодар,Фотограф Виктория Захарова [Краснодар],https://vk.com/ph.vikvikaz,,group,нет
фурсьют на заказ,Краснодар,Industrial Abandoned Places/ Заброшки ЮФО,https://vk.com/industrialabandonedpaces,,group,нет
фурсьют на заказ,Краснодар,Easy English,https://vk.com/club131532300,,group,нет
фурсьют на заказ,Краснодар,Метро квест в нереальности Краснодар,https://vk.com/metro_kvest_krasnodar,,group,нет
фурсьют на заказ,Краснодар,Мастер Краснодара,https://vk.com/service_krasnodar,,group,нет
фурсьют на заказ,Краснодар,Лаборатория сюрпризов | Подарки Краснодар,https://vk.com/suplab,,group,нет
фурсьют на заказ,Краснодар,ЭКСПРЕСС-рулит!!!(г.Краснодар.),https://vk.com/club2966076,,group,нет
фурсьют на заказ,Краснодар,5 лучших мест,https://vk.com/5bestplaces,,group,нет
фурсьют на заказ,Краснодар,NoRhyme,https://vk.com/norhyme,,group,нет
фурсьют на заказ,Краснодар,GOODS,https://vk.com/club67881247,,group,нет
фурсьют на заказ,Краснодар,КИГУРУМИ Краснодар,https://vk.com/kigurumi_krasnodar,,group,нет
фурсьют на заказ,Краснодар,Резные свечи в Краснодаре,https://vk.com/svechikrd,,group,нет
фурсьют на заказ,Краснодар,ТРАДИЦИИ СКВОЗЬ ВЕКА | МОЛОДЕЖНЫЙ КЛУБ,https://vk.com/tiradic_ages,,group,нет
фурсьют на заказ,Краснодар,ТАКИЕ РАЗНЫЕ САКАДЫ,https://vk.com/club53730732,,group,да
фурсьют на заказ,Краснодар,"Браслеты, серьги, бусики",https://vk.com/brasleti_kr,,group,нет
фурсьют на заказ,Краснодар,Клевер,https://vk.com/rutaxi_krd,,group,да
фурсьют на заказ,Краснодар,Аргентинское танго. Серия тематических классов.,https://vk.com/club42049099,,group,нет
фурсьют на заказ,Краснодар,Цветной дым (дымовой факел) Краснодар,https://vk.com/dimkrd,,group,нет
фурсьют на заказ,Краснодар,"Женские техники от Мастерской танца ""Angels""",https://vk.com/club77874512,,group,нет
фурсьют на заказ,Краснодар,Практическая интуиция и логика – в играх,https://vk.com/club89466029,,group,нет
фурсьют на заказ,Краснодар,Аниматоры Краснодар Mr. & Mrs. Праздник,https://vk.com/mr.smrs.prazdnik,,group,нет
фурсьют на заказ,Краснодар,Прически на любой случай!,https://vk.com/hair_do.make_up,,group,нет
фурсьют на заказ,Краснодар,"JoyCraft  альбомы, блокноты",https://vk.com/joycrafts,,group,нет
фурсьют на заказ,Краснодар,Доставка цветов • Краснодар • Вип букет,https://vk.com/vip.buket,,group,нет
фурсьют на заказ,Краснодар,Федерация Бокса Краснодарского края.,https://vk.com/federacyaboksakr,,group,нет
фурсьют на заказ,Краснодар,Испанский язык в Краснодаре,https://vk.com/club1723103,,group,нет
фурсьют на заказ,Краснодар,Скрипка и Световое Шоу на Ваш праздник.Краснодар,https://vk.com/elena_galitsina,,group,нет
фурсьют на заказ,Краснодар,НАРОДНАЯ МИЛОНГА,https://vk.com/club53736547,,group,нет
фурсьют на заказ,Краснодар,Cafe NouR,https://vk.com/nourcafe,,group,нет
фурсьют на заказ,Краснодар,Курс аргентинского танго для продолжающих,https://vk.com/angels_tango_level_up,,group,нет
фурсьют на заказ,Краснодар,Индивидуальность в Аргентинском Танго.,https://vk.com/clubtecnicafeminina,,group,нет
фурсьют на заказ,Краснодар,Свадебный фотограф в Краснодаре,https://vk.com/weddingtopkrd,,group,нет
фурсьют на заказ,Краснодар,"ФИТНЕС ОБУЧЕНИЕ В КРАСНОДАРЕ, СТАВРОПОЛЕ И ТЛТ",https://vk.com/firstfitnesschool_ufo,,group,нет
фурсьют на заказ,Краснодар,ТРЕНИНГ-ПРОГУЛКИ В ГОРОДЕ КРАСНОДАР,https://vk.com/trening_progulki,,group,да
фурсьют на заказ,Краснодар,Обувь для танго из Аргентины,https://vk.com/tango_obuv,,group,нет
фурсьют на заказ,Краснодар,Группа помощи Милане. Краснодар,https://vk.com/sos_beautiful_milanas,,group,нет
фурсьют мастерская,Ростов-на-Дону,"Танибата, Нян-фест и Алоха — фестивали в Ростове",https://vk.com/tanibata,,group,нет
фурсьют мастерская,Краснодар,СК «Варяг». Тайский бокс в Краснодаре.,https://vk.com/varyag.krasnodar,,group,нет
фурсьют мастерская,Краснодар,FLY ZONE | Спортивный центр | Краснодар,https://vk.com/fly_z_one,,group,нет
фурсьют мастерская,Краснодар,Академия музыки «Good music» | Краснодар,https://vk.com/goodmusic.academia,,group,нет
фурсьют мастерская,Краснодар,Тату Пирсинг Обучение Синяя Борода Краснодар,https://vk.com/ztattoo,,group,нет
фурсьют мастерская,Краснодар,Анастасия |нарушение слух| наращивание ресниц,https://vk.com/nast129242,,group,нет
фурсьют мастерская,Краснодар,"Танец живота. Студия  ""Загарит"" в Краснодаре.",https://vk.com/club14587985,,group,нет
фурсьют мастерская,Краснодар,Творческая мастерская. Выездные мастер-классы.,https://vk.com/pastillakrd,,group,да
фурсьют мастерская,Краснодар,Мастерская рекламы Импульс,https://vk.com/impuls123,,group,нет
фурсьют мастерская,Краснодар,Фестиваль «Мастерская студенческих талантов»,https://vk.com/studentsworkshop,,group,нет
фурсьют мастерская,Краснодар,"Новый набор! Мастерская танца ""Angels""",https://vk.com/new_angelsdance,,group,нет
фурсьют мастерская,Краснодар,Bushinka: Творческая мастерская в Краснодаре,https://vk.com/bushinka_art,,group,нет
фурсьют мастерская,Краснодар,Мастер классы по милонге и фокстроту.,https://vk.com/club59381642,,group,нет
фурсьют мастерская,Краснодар,Актерское мастерство для детей в Краснодаре,https://vk.com/psyartstudiokids,,group,нет
фурсьют мастерская,Краснодар,Творчество. Мастер классы. Тедди. Куклы. Бисер.,https://vk.com/gogolya80,,group,нет
фурсьют мастерская,Краснодар,В ДВИЖЕНИИ | молодежный проект мастер-класс,https://vk.com/60onthemove100,,group,нет
фурсьют мастерская,Краснодар,Шоу Барабанщиков Street Beatz. Краснодар,https://vk.com/streetbeatz_drumshow,,group,нет
фурсьют мастерская,Краснодар,СМЕНА Фотостудия / аренда пространства,https://vk.com/smena_110m,,group,нет
фурсьют мастерская,Краснодар,Акр Краснодар,https://vk.com/krd_acr,,group,нет
фурсьют мастерская,Краснодар,STNR_TATTOO,https://vk.com/stnr_tatt00,,group,нет
фурсьют мастерская,Краснодар,"""Ангелы"". Новый набор.",https://vk.com/club57590492,,group,нет
фурсьют мастерская,Краснодар,Angels' Fashion - удобная и стильная танц.одежда,https://vk.com/club58557163,,group,нет
фурсьют мастерская,Краснодар,"СТУДИЯ ""MEDIAMUSIC""",https://vk.com/mediamusickrd,,group,нет
фурсьют мастерская,Краснодар,Проект TangoChallenge,https://vk.com/tangochallenge,,group,нет
фурсьют мастерская,Краснодар,"МТ ""Angels"" Ставропольская. Новый набор",https://vk.com/angelsdance_new,,group,нет
фурсьют мастерская,Краснодар,Испанский язык для тангерос,https://vk.com/club39832814,,group,нет
фурсьют мастерская,Краснодар,Филиппо Авиньонези в Краснодаре!!!,https://vk.com/filippo_krasnodar,,group,нет
фурсьют мастерская,Краснодар,7 лет Ligero танго!!!,https://vk.com/ligero7,,group,нет
фурсьют мастерская,Краснодар,*ЛЮБИМЫЙ РЕБЕНОК* психологический центр семьи и,https://vk.com/lubimiyrebenok,,group,нет
фурсьют мастерская,Краснодар,"6 лет клубу аргентинского танго ""Ligero""!!!",https://vk.com/club88303980,,group,нет
фурсьют мастерская,Краснодар,"Клубу ""Ligero""-5 лет! Семинар Филиппо Авиньонези",https://vk.com/ligerotango5,,group,нет
фурсьют мастерская,Краснодар,"Праздники мечты, воплощаемые в жизнь I Краснодар",https://vk.com/bonanza_family_events,,group,нет
основа фурсьюта,Казань,Кот Арт / CatArt,https://vk.com/catcraftart,,group,нет
основа фурсьюта,Нижний Новгород,АРТхитектор,https://vk.com/artchitect,,group,нет
основа фурсьюта,Ростов-на-Дону,Семинары Карлоса Родригеса в Ростове-на-Дону!!!,https://vk.com/club57172300,,group,нет
основа фурсьюта,Краснодар,"Ветеринарная Клиника ""На Бабушкина"" Краснодар.",https://vk.com/vetkuban,,group,нет
основа фурсьюта,Краснодар,камерный оркестр БЛАГОВЕСТ,https://vk.com/blagovestorkestr,,group,нет
основа фурсьюта,Краснодар,ЛКСМ РФ | КРАСНОДАР (Южный),https://vk.com/lksm_southern,,group,нет
основа фурсьюта,Краснодар,Интенсивный курс Аргентинского танго,https://vk.com/angels_tango_intensive,,group,нет
основа фурсьюта,Краснодар,"Рекламный дом ""Максима"" Краснодар",https://vk.com/club82784206,,group,нет
косплей мастерская,Казань,"Швейная мастерская ""КОСТЮМЕР""",https://vk.com/costumer_kzn,,group,нет
косплей мастерская,Казань,"Косплей мастерская ""ZaVarka!""",https://vk.com/zavarkacosplay,,group,нет
косплей мастерская,Казань,"Мастерская косплей стаффа (крафта) - ""ArCraft""",https://vk.com/ar_craft,,group,нет
косплей мастерская,Казань,ЛАйМ  и  -=Yellow Magic Mouse=- : косплей мастерская,https://vk.com/club17157664,,group,нет
косплей мастерская,Казань,Valhalla Mom. Cosplay Workshop,https://vk.com/valhallamom_workshop,,group,нет
косплей мастерская,Казань,LithoPrint | SLA & FDM 3D-печать,https://vk.com/lithoprinting,,group,нет
косплей мастерская,Казань,"YOKAI MATSURI, аниме-фан шоу 30 августа 2015",https://vk.com/yokai_matsuri,,group,нет
косплей мастерская,Казань,АНИМЕ-блок на Ночь Музеев (16 мая 2015),https://vk.com/animeblok,,group,нет
косплей мастерская,Казань,Аниме-блок на Зилантконе 2014,https://vk.com/club31098517,,group,нет
косплей мастерская,Казань,Фестиваль Алисы в Стране Чудес в Циферблате,https://vk.com/alicefest,,group,нет
косплей мастерская,Казань,"Игровое кафе ""eSport"" в Казани",https://vk.com/esport_bar,,group,нет
косплей мастерская,Нижний Новгород,Cosplay - Ателье,https://vk.com/cosplaypro,,group,нет
косплей мастерская,Нижний Новгород,WindWalk In cosplay,https://vk.com/windwalk_in_cosplay,,group,нет
косплей мастерская,Нижний Новгород,WEST CRAFT,https://vk.com/westcospcraft,,group,нет
косплей мастерская,Нижний Новгород,Нижегородская артель | ролевое оружие,https://vk.com/nnartel,,group,нет
косплей мастерская,Нижний Новгород,Anime-косплеи и персонажи,https://vk.com/club15691611,,group,нет
косплей мастерская,Нижний Новгород,Заявки на Косплей Фест 13 мая.,https://vk.com/club145961323,,group,нет
косплей мастерская,Ростов-на-Дону,Ashes Wig Workshop | Мастерская косплей париков,https://vk.com/asheswigworkshop,,group,нет
косплей мастерская,Ростов-на-Дону,Косплей мастерская,https://vk.com/club46292568,,group,нет
косплей мастерская,Ростов-на-Дону,"Мастерская ФАН-атрибутики ""ФУКУРО""",https://vk.com/fukurofan,,group,нет
косплей мастерская,Ростов-на-Дону,Кошечкина мастерская,https://vk.com/ceh_skyfall,,group,нет
косплей мастерская,Ростов-на-Дону,Мастерская Bird Skull,https://vk.com/birdskull,,group,нет
косплей мастерская,Ростов-на-Дону,"Творческая мастерская ""Донские просторы""",https://vk.com/handmademastdonprostor77,,group,нет
косплей мастерская,Ростов-на-Дону,"Imvolk Bigby - косплеер, писатель, мечтатель.",https://vk.com/im4volk,,group,нет
косплей мастерская,Ростов-на-Дону,маски,https://vk.com/club67078987,,group,нет
косплей мастерская,Ростов-на-Дону,Leontevawork,https://vk.com/leonteva_work,,group,нет
косплей мастерская,Ростов-на-Дону,Ветер - это мы,https://vk.com/stayadetivetra,,group,да
косплей мастерская,Самара,Ржавая Мастерская,https://vk.com/rusty_studio,,group,нет
косплей мастерская,Самара,Школа творчества АртПодарков. Курсы по рукоделию,https://vk.com/on_line_artpodarkov,,group,нет
косплей мастерская,Самара,Аниме магазин АниНям AniNiyaaM Самара,https://vk.com/aniniyaam_samara,,group,нет
косплей мастерская,Самара,Cosplay by Creepylord,https://vk.com/cosplaybycreepylord,,group,нет
косплей мастерская,Самара,MEIGARA: Cosplay&Co,https://vk.com/meigara_cosplay,,group,нет
косплей мастерская,Самара,|| MeiCosplayStudio || Костюмы.Крафт.Парики.,https://vk.com/club138117295,,group,нет
косплей мастерская,Челябинск,"Невероятная мастерская! Украшения, аксессуары!",https://vk.com/incredible174,,group,нет
косплей мастерская,Челябинск,Мастерская Прайда,https://vk.com/workshop_pride,,group,нет
косплей мастерская,Челябинск,Кошак Моршак и Компания,https://vk.com/koshak_company,,group,нет
косплей мастерская,Челябинск,Мастерская Енота,https://vk.com/enotworkshop,,group,нет
косплей мастерская,Челябинск,Cosplay мастерская ~Eruka~ город Челябинск,https://vk.com/club16118818,,group,нет
косплей мастерская,Челябинск,Тамерлан - мастер косплей-крафта,https://vk.com/tamerlan_kraft,,group,нет
косплей мастерская,Челябинск,OCTOCAT|Косплей|3D печать|Квесты|Электроника|НЯ,https://vk.com/octocat_workshop,,group,нет
косплей мастерская,Челябинск,Glue Here,https://vk.com/club188099360,,group,нет
косплей мастерская,Пермь,"Крафт-Мастерская ""Артефакт""",https://vk.com/artifact_craft,,group,нет
косплей мастерская,Пермь,"Kenser Craft, косплей, оружие, броня, 3d печать.",https://vk.com/craftlr,,group,нет
косплей мастерская,Пермь,PANICOMIX Contest (Cosplay|Dance|Vocal|Art),https://vk.com/panicfest,,group,нет
косплей мастерская,Пермь,"Швейная мастерская ""Дикие пчелы""",https://vk.com/club67121456,,group,нет
косплей мастерская,Пермь,Швейная мастерская Татьяны Лариной,https://vk.com/club12252110,,group,нет
косплей мастерская,Красноярск,Siberia Craft | Косплей мастерская,https://vk.com/craft_sib,,group,нет
косплей мастерская,Красноярск,Factory: пластиковые доспехи и стёганая одежда,https://vk.com/factory24,,group,нет
косплей мастерская,Красноярск,"Косплей мастерская ""Коеку""",https://vk.com/club71331846,,group,нет
косплей мастерская,Красноярск,ШВЕЙНАЯ МАСТЕРСКАЯ (Красноярск),https://vk.com/club23689353,,group,нет
косплей мастерская,Красноярск,VA | Изделия из кожи ручной работы,https://vk.com/va_lether,,group,нет
косплей мастерская,Красноярск,. °  .  Уютное Место •   ° .,https://vk.com/erica_cozyplace,,group,нет
косплей мастерская,Красноярск,innovo3d - 3Д печать Красноярск,https://vk.com/innovo3dkrsk,,group,да
косплей мастерская,Краснодар,Crowing Lavr Craft - мастерская косплей крафта,https://vk.com/crowinglavrcraft,,group,нет
косплей мастерская,Краснодар,Kokoru ♡ cosplay & wig,https://vk.com/kokorushi,,group,нет
косплей мастерская,Краснодар,"Арт-мастерская ""Чума""",https://vk.com/art_plague,,group,нет
косплей мастерская,Краснодар,"Маленькая Мастерская ""Госпожи Банани""",https://vk.com/bananayka,,group,нет
косплей мастерская,Краснодар,Косплей Краснодар,https://vk.com/animekrsndrkospley,,group,нет
косплей мастерская,Краснодар,Творческая мастерская,https://vk.com/sahar_cos,,group,нет
косплей мастерская,Краснодар,"Мастерская костюмов и атрибутики ""RobCastom""",https://vk.com/robcastom,,group,нет
косплей мастерская,Краснодар,ЮЖНЫЙ РАЙ,https://vk.com/letniyfest,,group,нет
косплей мастерская,Краснодар,Киберкон,https://vk.com/cyberconkrd,,group,нет
косплей мастерская,Краснодар,"Костюмы для аниматоров (роботы, динозавры)",https://vk.com/transformers.cosplay.foryou,,group,да
косплей мастерская,Краснодар,NEET HG Краснодар,https://vk.com/neethgkrd,,group,нет
косплей мастерская,Краснодар,Thomas Project,https://vk.com/thomas_prj,,group,нет
косплей мастерская,Краснодар,Отоми Ёсимура | творчество,https://vk.com/club166463234,,group,нет
косплей на заказ,Казань,Tairin Rur | YoN,https://vk.com/tairin_yon,,group,нет
косплей на заказ,Казань,BIJOU.STUDIO. Вязаные сумки и стильные обвесы!,https://vk.com/bijou.studio,,group,нет
косплей на заказ,Казань,Dasha Anders  |  Косплей и пошив,https://vk.com/dasha_cosplay,,group,нет
косплей на заказ,Казань,Тар Де Принт,https://vk.com/club239195406,,group,нет
косплей на заказ,Казань,COSPLAY MARKET,https://vk.com/cosplaymarketboss,,group,нет
косплей на заказ,Казань,Niji(ателье(косплей входит)),https://vk.com/club18171356,,group,нет
косплей на заказ,Казань,fairycatFS | фотограф Казань,https://vk.com/fairycatfs,,group,нет
косплей на заказ,Казань,Фотограф Казань | Роман Дягтерёв,https://vk.com/dyagteroff_photo,,group,нет
косплей на заказ,Казань,"""Mikela - shop""   г. Казань",https://vk.com/mikelashop,,group,нет
косплей на заказ,Казань,Panda & Coala store ｡◕‿ ◕｡함께 쇼핑 !,https://vk.com/pandaco,,group,нет
косплей на заказ,Казань,3D печать,https://vk.com/3dprint_3dmodeling,,group,нет
косплей на заказ,Нижний Новгород,"Cosplay craft <бутафория,крафт>",https://vk.com/cospcraft,,group,нет
косплей на заказ,Нижний Новгород,Moon Light cosplay,https://vk.com/moon_light_cosplay,,group,нет
косплей на заказ,Нижний Новгород,AnGeL,https://vk.com/club239419687,,group,нет
косплей на заказ,Нижний Новгород,DREAMCUBE - Студия 3d печати Нижний Новгород,https://vk.com/dreamcubeshop,,group,нет
косплей на заказ,Нижний Новгород,3Dpunk - 3D печать для тебя!,https://vk.com/print3dpunk,,group,нет
косплей на заказ,Нижний Новгород,✦ Таобао с Daftezzer ✦ Нижний Новгород ✦ Косплей,https://vk.com/costao,,group,нет
косплей на заказ,Нижний Новгород,Пошив сценического костюма на заказ | Ателье,https://vk.com/dress_by_nelly,,group,нет
косплей на заказ,Нижний Новгород,~Продажа/Покупка косплея~,https://vk.com/club30640302,,group,нет
косплей на заказ,Нижний Новгород,Yui Lang photostream,https://vk.com/club_photodragon,,group,нет
косплей на заказ,Нижний Новгород,"TORAO | k-pop стафф, одежда",https://vk.com/toraoshopkpop,,group,нет
косплей на заказ,Нижний Новгород,TacticALL shop | airsoft 3D | страйкбол 3D,https://vk.com/tacticall,,group,да
косплей на заказ,Нижний Новгород,Печать на 3D принтере кудрово,https://vk.com/club238331830,,group,нет
косплей на заказ,Нижний Новгород,NK/Сказочные костюмы ПОШИВ/АРЕНДА,https://vk.com/karamnovadress,,group,нет
косплей на заказ,Нижний Новгород,• fashionable products • | Нижний Новгород,https://vk.com/club53027195,,group,нет
косплей на заказ,Нижний Новгород,Интернет-магазин женской одежды SabrinaVi,https://vk.com/club137663645,,group,нет
косплей на заказ,Нижний Новгород,ПОШИВ ОДЕЖДЫ в Н.Новгороде|Арт-ателье_ЭКЛЕКТИКА,https://vk.com/eclectica_studio,,group,нет
косплей на заказ,Ростов-на-Дону,"Пепел, Песок и Легенды | Carveza Cosplay",https://vk.com/carvezacosplay,,group,нет
косплей на заказ,Ростов-на-Дону,D-Arma Meridiem (Газшутинг),https://vk.com/darmameridiem,,group,нет
косплей на заказ,Ростов-на-Дону,"пошив на заказ, косплей,одежда в ростове-на-дону",https://vk.com/club27745039,,group,нет
косплей на заказ,Ростов-на-Дону,At LadyKetRi / У ЛедиКетРи,https://vk.com/ladyketri,,group,нет
косплей на заказ,Ростов-на-Дону,Косплей крафт,https://vk.com/craftderevo,,group,нет
косплей на заказ,Ростов-на-Дону,Наро <Косплей & Крафт>,https://vk.com/naro_cosplay,,group,нет
косплей на заказ,Ростов-на-Дону,"""Cosplay Yourself"" creation team",https://vk.com/cycrteam,,group,нет
косплей на заказ,Ростов-на-Дону,"Косплей-ателье ""Lexly""",https://vk.com/club40345256,,group,нет
косплей на заказ,Ростов-на-Дону,АТЕЛЬЕ      ПРИЕМ ЗАКАЗОВ ЗАКРЫТ,https://vk.com/poshivvn,,group,нет
косплей на заказ,Ростов-на-Дону,"ПАЛЕТКИ, АКСЕССУАРЫ, КОСПЛЕЙ. РОСТОВ-НА-ДОНУ НИЗКИЕ ЦЕНЫ",https://vk.com/club27847357,,group,нет
косплей на заказ,Ростов-на-Дону,Фотограф Выходного Дня Ксения Вдовик (РнД),https://vk.com/club229792544,,group,нет
косплей на заказ,Ростов-на-Дону,Bulkaaa🧸 | Художница🤍,https://vk.com/bulkaaa_art,,group,нет
косплей на заказ,Ростов-на-Дону,KÒTIKI MARKET - магазинчик авторских вещей,https://vk.com/kotiki_market,,group,нет
косплей на заказ,Ростов-на-Дону,•Фотограф Ростовский и Всея Руси | Толик Фролик•,https://vk.com/tolikfrolik.photo,,group,нет
косплей на заказ,Ростов-на-Дону,ISTERIC Showroom/Прокат платьев и реквизита/,https://vk.com/istericshow,,group,нет
косплей на заказ,Самара,ZEFIRKA_NATSUKI COSPLAY,https://vk.com/zefirka_natsuki_cosplay,,group,нет
косплей на заказ,Самара,"✄ Ателье ""Scissorhands"" ✄",https://vk.com/scissorhand,,group,нет
косплей на заказ,Самара,"Маленький, скромный Вий~",https://vk.com/club30142748,,group,нет
косплей на заказ,Самара,"Косплей,аниме фигурки,аниме атрибутика из Японии.В наличии и на заказ.",https://vk.com/japananimeshop,,group,нет
косплей на заказ,Самара,|LYANA MOR COSPLAY|,https://vk.com/lyanameucos,,group,нет
косплей на заказ,Самара,"ЭВРИКА! - 3д печать, сканирование, моделирование",https://vk.com/eureka_3d,,group,нет
косплей на заказ,Самара,Maxim Chichev Photo,https://vk.com/maxchichev_photo,,group,нет
косплей на заказ,Самара,┼ vampire cross shop ┼,https://vk.com/vampire_shop,,group,нет
косплей на заказ,Самара,Paranoid Deco Photo,https://vk.com/paranoiddeco_photo,,group,нет
косплей на заказ,Челябинск,3D - Студия,https://vk.com/trideshka_shop,,group,нет
косплей на заказ,Челябинск,КРОЛИЧЬЯ НОРА || Фотограф,https://vk.com/your_magicphoto,,group,нет
косплей на заказ,Челябинск,ИЛЬЯСОВА | Ателье портной косплей,https://vk.com/ilyasova_dressmaker,,group,нет
косплей на заказ,Челябинск,3D -принтер/ 3 Д - печать на заказ  в Челябинске,https://vk.com/club117573292,,group,нет
косплей на заказ,Челябинск,AI-Фотоссесия мечты | Премиум-образы  без студии,https://vk.com/aiphoto_74,,group,нет
косплей на заказ,Челябинск,Костюмерная,https://vk.com/costumdaru,,group,нет
косплей на заказ,Челябинск,3D Печать FDM SLA // Челябинск // kavelin.pro,https://vk.com/ussshuhfyasgfuawf,,group,нет
косплей на заказ,Челябинск,"АнимЕ | Суши, пицца, бургеры, WOKи | Челябинск",https://vk.com/animechee,,group,нет
косплей на заказ,Челябинск,"Интернет-магазин ""Леди Ди""",https://vk.com/club180140825,,group,да
косплей на заказ,Пермь,Маскагранность,https://vk.com/mimy1,,group,нет
косплей на заказ,Пермь,Детские товары Радужная Тигра. Пермь,https://vk.com/radtigra,,group,нет
косплей на заказ,Пермь,Mila | Cosplay Photographer,https://vk.com/littlephotopondi,,group,нет
косплей на заказ,Пермь,"LarpPerm | LARP, ЛАРП, протектированное оружие",https://vk.com/larpperm,,group,нет
косплей на заказ,Пермь,роспись по ткани & photo Akira,https://vk.com/club137115766,,group,нет
косплей на заказ,Пермь,★ Carpe Diem! ★  Фотограф Пермь ★,https://vk.com/gusarova_photo,,group,нет
косплей на заказ,Пермь,SAKURA 3D печать,https://vk.com/sakura_3d,,group,нет
косплей на заказ,Пермь,❖ AniWitch ❖ Аниме Магазин ❖,https://vk.com/aniwitch,,group,нет
косплей на заказ,Красноярск,Накладные ногти на заказ,https://vk.com/nails.rita,,group,нет
косплей на заказ,Красноярск,Косплей костюмы на заказ,https://vk.com/club21170825,,group,нет
косплей на заказ,Красноярск,"Злая корпорация ""Кавай десу""",https://vk.com/kawaidesucorp,,group,нет
косплей на заказ,Красноярск,EmDeteu wigs || Вигмейкерский прудик,https://vk.com/iemtvoixdeteu,,group,нет
косплей на заказ,Красноярск,3d печать в Красноярске от ViTcore,https://vk.com/3dkrasnoyarsk,,group,нет
косплей на заказ,Красноярск,Прокат от Морти ❀ DressLime ❀,https://vk.com/dresslime,,group,нет
косплей на заказ,Красноярск,◄◄◄РАСПРОДАЖА!!!<Оригинальная и яркая одежда--Пышные юбочки--Юбки-пачки--Go-go--Костюмы--Косплей--Эксклюзивно--В наличии и на заказ>►►►,https://vk.com/club19320645,,group,да
косплей на заказ,Красноярск,"Пошив, ремонт одежды (мягкой мебель).Косплей.",https://vk.com/club43657142,,group,нет
косплей на заказ,Красноярск,Пошив одежды от MeidoKami~ ☆Новосибирск☆,https://vk.com/meidokami_cosplay,,group,нет
косплей на заказ,Красноярск,"БУТАФОРИЯ,ЖИВОПИСЬ,РОСТОВЫЕ КУКЛЫ,РОСПИСЬ СТЕН",https://vk.com/club13674880,,group,нет
косплей на заказ,Красноярск,onore photo,https://vk.com/panopticonbyro,,group,нет
косплей на заказ,Краснодар,Соля ♡ cosplay,https://vk.com/kuru_cos,,group,нет
косплей на заказ,Краснодар,Монахиня,https://vk.com/club219015143,,group,нет
косплей на заказ,Краснодар,Молодежный центр экстрима,https://vk.com/kubantur,,group,нет
косплей на заказ,Краснодар,3д фигурки - Дизайнер _ творческие будни,https://vk.com/creative_heart_souls,,group,нет
косплей на заказ,Краснодар,"UNIVERSE 3D - Миниатюры, диорамы, фигурки",https://vk.com/3duni,,group,нет
косплей на заказ,Краснодар,Косплей-фотограф Tim Frost,https://vk.com/timfrost_ph,,group,нет
косплей на заказ,Краснодар,Heroes of cosplay,https://vk.com/club105226592,,group,нет
косплей на заказ,Краснодар,"Аренда, продажа париков Краснодар. Цветные Линзы",https://vk.com/kospleika,,group,нет
косплей на заказ,Краснодар,☆.｡ПушистКики｡.☆ — Меховые ушки и хвостики,https://vk.com/pushistkiki,,group,нет
косплей на заказ,Краснодар,AnimalLand•Костюмы,https://vk.com/youanimalland,,group,нет
косплей на заказ,Краснодар,exadteam_factory | Изделия ручной работы.,https://vk.com/exadteam_factory,,group,нет
косплей на заказ,Краснодар,"FoxTails - аниме и k-pop мерч, одежда из Кореи",https://vk.com/fox.tails,,group,нет
косплей на заказ,Краснодар,"одежда, косметика, линзы:3 (Магазин, Shop)",https://vk.com/club48977128,,group,нет
косплей на заказ,Краснодар,Аниме-ярмарка в Краснодаре!,https://vk.com/club4762376,,group,нет
