Запрос,Регион запроса,Заголовок,Цена,Гео в объявлении,Дата объявления,Продавец,Ссылка на объявление
фурсьют,all,"Ещё
1 фото",2 793 ₽,,,,https://www.avito.ru/ryazan/kollektsionirovanie/fursyut_osnovy_pechat_8319497739
фурсьют,all,,500 ₽,,3 дня назад,,https://www.avito.ru/habarovskiy_kray_troitskoe/odezhda_obuv_aksessuary/fursyut_koshki_8314808339
фурсьют,all,"Ещё
5 фото",32 435 ₽,,,,https://www.avito.ru/tolyatti/odezhda_obuv_aksessuary/fursyut_sobaka_volk_realistik_8250081176
фурсьют,all,"Ещё
5 фото",1 000 ₽,,,,https://www.avito.ru/moskva/odezhda_obuv_aksessuary/fursyut_na_zakaz_7345295975
фурсьют,all,,20 000 ₽,,,,https://www.avito.ru/tolyatti/odezhda_obuv_aksessuary/fursyut_maska_sobaka_volk_realistik_7930082344
фурсьют,all,"Ещё
5 фото",8 000 ₽,,,,https://www.avito.ru/zhukovskiy/odezhda_obuv_aksessuary/fursuit_skullfox_halloween_7844784641
фурсьют,all,,10 ₽,,1 час назад,,https://www.avito.ru/novosibirsk/kollektsionirovanie/fursyut_dlya_dostavki_8449758036
фурсьют,all,,31 250 ₽,,7 дней назад,,https://www.avito.ru/moskva/kollektsionirovanie/fursyut_full_drakon_8393029755
фурсьют,all,,10 000 ₽,,,,https://www.avito.ru/kolomna/kollektsionirovanie/fursyut_partial_lvitsa_8255732768
фурсьют,all,"Ещё
5 фото",2 995 ₽,,,,https://www.avito.ru/moskva/detskaya_odezhda_i_obuv/furchatki_lapy_hvost_fursyut_kospley_3351464038
фурсьют,all,"Ещё
5 фото",12 000 ₽,,,,https://www.avito.ru/bataysk/kollektsionirovanie/fursyut_partsial_aussi_sobaka_8295609398
фурсьют,all,"Ещё
5 фото",6 990 ₽,,,,https://www.avito.ru/moskva/tovary_dlya_detey_i_igrushki/fursyut_raptor_2934782856
фурсьют,all,,15 ₽,,Вчера,,https://www.avito.ru/ivanovskaya_oblast_shuya/tovary_dlya_kompyutera/fursyut_glaza_8276804643
фурсьют,all,,3 600 ₽,,,,https://www.avito.ru/moskva/odezhda_obuv_aksessuary/fursyut._mordochki_dlya_protogenov_na_zakaz_7978485490
фурсьют,all,"Ещё
5 фото",6 990 ₽,,,,https://www.avito.ru/moskva/detskaya_odezhda_i_obuv/komplekt_maska_hvost_kost_2999748567
фурсьют,all,,2 500 ₽,,3 дня назад,,https://www.avito.ru/sankt-peterburg/kollektsionirovanie/fursyut_osnova_8386118195
фурсьют,all,,5 494 ₽,,3 дня назад,,https://www.avito.ru/pskov/odezhda_obuv_aksessuary/fursyut_8232192738
фурсьют,all,,6 980 ₽,,,,https://www.avito.ru/moskva/odezhda_obuv_aksessuary/maska_raptora_fursyut_tsena_za_vse_7983983127
фурсьют,all,,4 300 ₽,,3 дня назад,,https://www.avito.ru/skoropuskovskiy/odezhda_obuv_aksessuary/fursyut_zakaz_8232590790
фурсьют,all,,10 ₽,,3 дня назад,,https://www.avito.ru/moskva/odezhda_obuv_aksessuary/fursyut_furri_8387757001
фурсьют,all,,5 499 ₽,,Вчера,,https://www.avito.ru/himki/tovary_dlya_detey_i_igrushki/fursyut_kot_dlya_svetlany_8447445637
фурсьют,all,"Ещё
5 фото",27 322 ₽,,3 дня назад,,https://www.avito.ru/sverdlovskaya_oblast_revda/odezhda_obuv_aksessuary/fursyut_8449339758
фурсьют,all,,600 ₽,,,,https://www.avito.ru/volgograd/kollektsionirovanie/fursyut_beydzh_na_zakaz_8270620035
фурсьют,all,"Ещё
3 фото",150 000 ₽,,3 дня назад,,https://www.avito.ru/tolyatti/kollektsionirovanie/fursyut_full_volk_8425460758
фурсьют,all,,18 000 ₽,,3 дня назад,,https://www.avito.ru/moskva/kollektsionirovanie/fursyut_furri_opossum_8275965505
фурсьют,all,,6 500 ₽,,3 дня назад,,https://www.avito.ru/omsk/kollektsionirovanie/fursyut_klouna_pudelya_8304578361
фурсьют,all,,16 500 ₽,,Вчера,,https://www.avito.ru/kirovskaya_oblast_kirov/kollektsionirovanie/fursyut_8421674916
фурсьют,all,,10 ₽,,7 дней назад,,https://www.avito.ru/taldom/odezhda_obuv_aksessuary/fursyut_8274431542
фурсьют,all,,11 000 ₽,,,,https://www.avito.ru/samara/odezhda_obuv_aksessuary/fursyut_full_kombinezon_8293930868
фурсьют,all,,3 500 ₽,,7 дней назад,,https://www.avito.ru/novorossiysk/odezhda_obuv_aksessuary/fursyut_kigurumi_mini_partial_8354109634
фурсьют,all,,3 510 ₽,,,,https://www.avito.ru/goryachiy_klyuch/odezhda_obuv_aksessuary/fursyut_materialy_nedodelka_osnova_8385475803
фурсьют,all,,260 ₽,,,,https://www.avito.ru/rybinsk/krasota_i_zdorove/fursyut_sprey_8204524275
фурсьют,all,"Ещё
5 фото",599 ₽,,,,https://www.avito.ru/armavir/odezhda_obuv_aksessuary/brelok_na_zakaz_s_vashim_personazhem_furri_fursyut_7775819080
фурсьют,all,,Бесплатно,,7 дней назад,,https://www.avito.ru/tomsk/kollektsionirovanie/obmen_fursyut_8335052479
фурсьют,all,"Ещё
4 фото",1 050 ₽,,,,https://www.avito.ru/moskva/odezhda_obuv_aksessuary/fursyut_fursheggi_meh_otrez_4114971333
фурсьют,all,,32 786 ₽,,Вчера,,https://www.avito.ru/uray/odezhda_obuv_aksessuary/fursyut_i_furri_kostyumy_8274569258
фурсьют,all,"Ещё
1 фото",10 200 ₽,,3 дня назад,,https://www.avito.ru/nytva/kollektsionirovanie/fursyut_realistik_8348976896
фурсьют,all,,11 ₽,,7 дней назад,,https://www.avito.ru/bryansk/odezhda_obuv_aksessuary/fursyut_8394006436
фурсьют,all,"Ещё
2 фото",13 500 ₽,,1 час назад,,https://www.avito.ru/moskovskaya_oblast_troitsk/kollektsionirovanie/fursyut_8449106679
фурсьют,all,"Ещё
5 фото",1 100 ₽,,,,https://www.avito.ru/izhevsk/kollektsionirovanie/fursyut_8262242270
фурсьют,all,,3 280 ₽,,7 дней назад,,https://www.avito.ru/onega/kollektsionirovanie/furri_fursyut_skaldog_8252227490
фурсьют,all,,45 000 ₽,,7 дней назад,,https://www.avito.ru/elets/kollektsionirovanie/fursyut_volka_8403051810
фурсьют,all,"Ещё
3 фото",10 000 ₽,,3 дня назад,,https://www.avito.ru/pervouralsk/kollektsionirovanie/fursyut_8314424906
фурсьют,all,"Ещё
1 фото",11 000 ₽,,,,https://www.avito.ru/voronezh/odezhda_obuv_aksessuary/fursyut_8323646764
фурсьют,all,,2 144 ₽,,Вчера,,https://www.avito.ru/moskva/odezhda_obuv_aksessuary/fursyut_osnova_8395680106
фурсьют,all,,2 500 ₽,,3 дня назад,,https://www.avito.ru/tver/kollektsionirovanie/maska_furri_fursyut_s_hvostom_8387385428
фурсьют,all,,5 500 ₽,,,,https://www.avito.ru/irkutsk/odezhda_obuv_aksessuary/maska_raptora_fursyut_8158397626
фурсьют,all,"Ещё
1 фото",800 ₽,,3 дня назад,,https://www.avito.ru/ekaterinburg/odezhda_obuv_aksessuary/furtapki_fursyut_tapki_osnova_8274669623
фурсьют,all,,21 600 ₽,,,,https://www.avito.ru/tambov/kollektsionirovanie/fursyut_hed_i_hvost_8209349742
фурсьют,all,"Ещё
5 фото",15 000 ₽,,3 дня назад,,https://www.avito.ru/yaroslavl/kollektsionirovanie/fursyut_golova_hvost_lapki_8341622322
фурсьют,all,,4 000 ₽,,7 дней назад,,https://www.avito.ru/nizhniy_novgorod/odezhda_obuv_aksessuary/fursyut_nedodelka_8374476038
фурсьют,all,"Ещё
3 фото",20 000 ₽,,,,https://www.avito.ru/krasnodar/kollektsionirovanie/furri_fursyut_vernid_obmen_8251382682
фурсьют,all,"Ещё
5 фото",43 247 ₽,,,,https://www.avito.ru/novomoskovsk/kollektsionirovanie/fursyut_8251397541
фурсьют,all,,5 500 ₽,,,,https://www.avito.ru/krasnoyarskiy_kray_zheleznogorsk/kollektsionirovanie/fursyut_raptora_8168102312
фурсьют,all,"Ещё
1 фото",30 000 ₽,,,,https://www.avito.ru/moskva/kollektsionirovanie/maska_raptora_fursyut_8363751774
фурсьют,all,,15 000 ₽,,,,https://www.avito.ru/azov/chasy_i_ukrasheniya/fursyut_na_zakaz_8361267003
фурсьют,all,"Ещё
1 фото",7 000 ₽,,,,https://www.avito.ru/maykop/odezhda_obuv_aksessuary/fursyut_vodnyy_drakon_8295556899
фурсьют,all,,Бесплатно,,,,https://www.avito.ru/moskva/kollektsionirovanie/fursyut_dlya_dostavki_8320473153
фурсьют,all,"Ещё
2 фото",4 400 ₽,,,,https://www.avito.ru/moskva/odezhda_obuv_aksessuary/fursyut_prodazhaobmen_8251549514
фурсьют,all,,2 500 ₽,,,,https://www.avito.ru/rostov-na-donu/odezhda_obuv_aksessuary/fursyut_lapy_7706634889
фурсьют,all,,3 000 ₽,,,,https://www.avito.ru/novokuznetsk/kollektsionirovanie/fursyut_osnova_sobaka_8082436131
фурсьют,all,"Ещё
1 фото",3 898 ₽,,3 дня назад,,https://www.avito.ru/schelkovo/kollektsionirovanie/fursyut_osnova_zubastyy_pes_8294342815
фурсьют,all,"Ещё
1 фото",1 000 ₽,,,,https://www.avito.ru/krasnodar/odezhda_obuv_aksessuary/fursyut_8108350219
фурсьют,all,"Ещё
1 фото",15 000 ₽,,,,https://www.avito.ru/bataysk/odezhda_obuv_aksessuary/fursyut_8238790303
фурсьют,all,,10 ₽,,,,https://www.avito.ru/magnitogorsk/kollektsionirovanie/fursyut_hed_na_zakaz_8266643313
фурсьют,all,,1 000 ₽,,,,https://www.avito.ru/kudrovo/kollektsionirovanie/fursyut_osnova_8221006484
фурсьют,all,"Ещё
2 фото",1 500 ₽,,,,https://www.avito.ru/moskva/odezhda_obuv_aksessuary/fursyut_maska_dinozavra_s_remeshkami_2645744039
фурсьют,all,,50 000 ₽,,,,https://www.avito.ru/kovrov/odezhda_obuv_aksessuary/fursyut_8335580186
фурсьют,all,,32 240 ₽,,1 час назад,,https://www.avito.ru/zhukovskiy/odezhda_obuv_aksessuary/fursyut_kota_8395022800
фурсьют,all,"Ещё
3 фото",1 000 ₽,,3 дня назад,,https://www.avito.ru/megion/odezhda_obuv_aksessuary/fursyut_8232224868
фурсьют,all,,12 000 ₽,,3 дня назад,,https://www.avito.ru/chelyabinsk/odezhda_obuv_aksessuary/fursyut_dostavka_8286546779
фурсьют,all,"Ещё
1 фото",2 400 ₽,,,,https://www.avito.ru/chelyabinsk/kollektsionirovanie/drakon_otpravka_8245695276
фурсьют,all,"Ещё
1 фото",7 350 ₽,,,,https://www.avito.ru/kirovskaya_oblast_kirov/odezhda_obuv_aksessuary/vilyayuschiy_hvost_fursyut_50sm_7984718861
фурсьют,all,"Ещё
1 фото",1 500 ₽,,,,https://www.avito.ru/mineralnye_vody/odezhda_obuv_aksessuary/furtapochki_fursyut_8317447223
фурсьют,all,,15 000 ₽,,,,https://www.avito.ru/moskva/kollektsionirovanie/fursyut_8168958621
фурсьют,all,,8 900 ₽,,7 дней назад,,https://www.avito.ru/novyy_urengoy/kollektsionirovanie/furrifursyut_skal_dog_8345393993
фурсьют,all,,5 000 ₽,,,,https://www.avito.ru/kargasok/kollektsionirovanie/fursyut_na_zakaz_8134004665
фурсьют,all,,15 000 ₽,,,,https://www.avito.ru/stupino/kollektsionirovanie/fursyut_7979012803
фурсьют,all,"Ещё
2 фото",24 000 ₽,,,,https://www.avito.ru/irkutsk/kollektsionirovanie/fursyut_novyy_8062106515
фурсьют,all,,18 000 ₽,,3 дня назад,,https://www.avito.ru/voronezh/odezhda_obuv_aksessuary/fursyut_volk_8231936951
фурсьют,all,,6 000 ₽,,,,https://www.avito.ru/schekino/kollektsionirovanie/fursyut_8285312541
фурсьют,all,"Ещё
5 фото",5 500 ₽,,,,https://www.avito.ru/moskva/kollektsionirovanie/fursyut_sobaka_paralon_maska_8262176560
фурсьют,all,,12 000 ₽,,,,https://www.avito.ru/vologda/odezhda_obuv_aksessuary/fursyut_maska_raptora_obmen_8136346170
фурсьют,all,"Ещё
3 фото",4 000 ₽,,,,https://www.avito.ru/elizovo/odezhda_obuv_aksessuary/fursyut_skal_ket_8301469576
фурсьют,all,,2 200 ₽,,,,https://www.avito.ru/severskaya/tovary_dlya_detey_i_igrushki/fursyut_maska_7264819421
фурсьют,all,,4 930 ₽,,,,https://www.avito.ru/kemerovo/odezhda_obuv_aksessuary/fursyut_8188637686
фурсьют,all,,5 000 ₽,,,,https://www.avito.ru/lyubertsy/kollektsionirovanie/maska_fursyut_8222206409
фурсьют,all,,20 000 ₽,,3 дня назад,,https://www.avito.ru/moskva/odezhda_obuv_aksessuary/fursyut_prodazhaobmen_8231970456
фурсьют,all,,9 105 ₽,,,,https://www.avito.ru/rybinsk/kollektsionirovanie/fursyut_8221296261
фурсьют,all,"Ещё
1 фото",12 000 ₽,,3 дня назад,,https://www.avito.ru/kamensk-uralskiy/kollektsionirovanie/maska_raptora_fursyut_8276274788
фурсьют,all,"Ещё
4 фото",5 500 ₽,,,,https://www.avito.ru/krasnoyarsk/kollektsionirovanie/fursyut_belka_hedlapy_8140678585
фурсьют,all,"Ещё
1 фото",28 000 ₽,,,,https://www.avito.ru/moskva/kollektsionirovanie/fursyut_lisy_8326973115
фурсьют,all,"Ещё
4 фото",2 500 ₽,,,,https://www.avito.ru/dzhankoy/odezhda_obuv_aksessuary/fursyut_furchatki_4437640596
фурсьют,all,,1 000 ₽,,7 дней назад,,https://www.avito.ru/orel/odezhda_obuv_aksessuary/fursyut_skall_dog_8293989094
фурсьют,all,,4 000 ₽,,,,https://www.avito.ru/saratov/sport_i_otdyh/maska_raptora_fursyut_8250840758
фурсьют,all,,13 000 ₽,,7 дней назад,,https://www.avito.ru/habarovsk/odezhda_obuv_aksessuary/maska_fursyut_furhed_8292680111
фурсьют,all,"Ещё
1 фото",4 500 ₽,,3 дня назад,,https://www.avito.ru/sankt-peterburg/odezhda_obuv_aksessuary/fursyut_skull_dog_8349762045
фурсьют,all,,2 239 ₽,,,,https://www.avito.ru/novogornyy/kollektsionirovanie/fursyut_osnova_8263151149
фурсьют,all,,2 000 ₽,,,,https://www.avito.ru/rostov-na-donu/odezhda_obuv_aksessuary/fursyut_dlya_prodazhi_8115995110
фурсьют,all,"Ещё
2 фото",12 000 ₽,,,,https://www.avito.ru/krasnoyarsk/odezhda_obuv_aksessuary/fursyut_mini-partial_8312811731
фурсьют,all,"Ещё
5 фото",26 000 ₽,,7 дней назад,,https://www.avito.ru/moskovskaya_oblast_chehov/kollektsionirovanie/fursyut_partial_8354930154
фурсьют,all,"Ещё
3 фото",4 000 ₽,,,,https://www.avito.ru/kashirskoe/sport_i_otdyh/maska_raptora_fursyut_8280035931
фурсьют,all,"Ещё
1 фото",8 400 ₽,,,,https://www.avito.ru/ekaterinburg/kollektsionirovanie/fursyut_8362007200
фурсьют,all,"Ещё
1 фото",9 836 ₽,,,,https://www.avito.ru/volgograd/odezhda_obuv_aksessuary/maska_fursyut_8257118593
фурсьют,all,"Ещё
5 фото",4 300 ₽,,3 дня назад,,https://www.avito.ru/kirovo-chepetsk/kollektsionirovanie/maska_raptora_fursyut_obmenprodazha_8326997350
фурсьют,all,,10 ₽,,,,https://www.avito.ru/taganrog/kollektsionirovanie/fursyut_barana_psihodelik_prodazhaobmen_8116858404
фурсьют,all,,10 ₽,,,,https://www.avito.ru/sernovodsk/odezhda_obuv_aksessuary/fursyut_dlya_zakazchika_4182994677
фурсьют,all,,8 500 ₽,,7 дней назад,,https://www.avito.ru/sankt-peterburg/odezhda_obuv_aksessuary/fursyut_sobaki_bron_8425142087
фурсьют,all,"Ещё
1 фото",12 000 ₽,,,,https://www.avito.ru/moskva/kollektsionirovanie/fursyut_7546638936
фурсьют,all,,5 500 ₽,,,,https://www.avito.ru/stavropol/odezhda_obuv_aksessuary/fursyut_kigurumi_na_zakaz_7931323619
фурсьют,all,,1 200 ₽,,,,https://www.avito.ru/novosibirsk/odezhda_obuv_aksessuary/maska_kigurumi_fursyut_osnova_8371434902
фурсьют,all,,3 500 ₽,,,,https://www.avito.ru/voronezh/kollektsionirovanie/fursyut._maska_chernoy_sobaki_7984063065
фурсьют,all,"Ещё
4 фото",3 000 ₽,,7 дней назад,,https://www.avito.ru/novosibirskaya_oblast_koltsovo/odezhda_obuv_aksessuary/fursyut_sobaki_8448947786
фурсьют,all,,2 200 ₽,,,,https://www.avito.ru/petrozavodsk/kollektsionirovanie/fursyut_osnova_leopard_4184883447
фурсьют,all,,2 020 ₽,,7 дней назад,,https://www.avito.ru/nizhniy_novgorod/kollektsionirovanie/fursyut_osnova_8403450509
фурсьют,all,,13 000 ₽,,,,https://www.avito.ru/moskva/odezhda_obuv_aksessuary/fursyut_full_kombinezon_8159885973
фурсьют,all,"Ещё
5 фото",10 080 ₽,,,,https://www.avito.ru/ekaterinburg/kollektsionirovanie/fursyut_partial_ovcharki_8222411300
фурсьют,all,,3 349 ₽,,,,https://www.avito.ru/kazan/kollektsionirovanie/fursyut_8362864827
фурсьют,all,,9 000 ₽,,,,https://www.avito.ru/kemerovo/odezhda_obuv_aksessuary/fursyut_8272023942
фурсьют,all,,6 000 ₽,,,,https://www.avito.ru/odintsovo/kollektsionirovanie/fursyut_kigurumi_norka_obmen_prodazha_8221987008
фурсьют,all,"Ещё
3 фото",23 000 ₽,,,,https://www.avito.ru/odintsovo/kollektsionirovanie/fursyut_russkaya_psovaya_borzaya_golova_hed_8383287169
фурсьют,all,,10 ₽,,7 дней назад,,https://www.avito.ru/nizhniy_tagil/odezhda_obuv_aksessuary/fursyut_8276103852
фурсьют,all,,6 500 ₽,,,,https://www.avito.ru/novosibirsk/odezhda_obuv_aksessuary/fursyut_foksi_kospley_furri_8295148697
фурсьют,all,,3 140 ₽,,Вчера,,https://www.avito.ru/tyumen/odezhda_obuv_aksessuary/maska_raptora_fursyut_8252816092
фурсьют,all,,15 ₽,,,,https://www.avito.ru/sayanogorsk/odezhda_obuv_aksessuary/fursyut_zakaz_8237902698
фурсьют,all,"Ещё
5 фото",31 500 ₽,,,,https://www.avito.ru/feodosiya/odezhda_obuv_aksessuary/fursyut_full_furri_kostyum_obmenprodazha_7819632224
фурсьют,all,,15 000 ₽,,7 дней назад,,https://www.avito.ru/armavir/kollektsionirovanie/fursyut_korgi_8384598913
фурсьют,all,,10 ₽,,,,https://www.avito.ru/petrozavodsk/kollektsionirovanie/maska_fursyut_skalldog_prodazhaobmen_8056961007
фурсьют,all,"Ещё
4 фото",18 500 ₽,,,,https://www.avito.ru/kirovskaya_oblast_kirov/tovary_dlya_detey_i_igrushki/fursyut_manokit_chit._opisanie_8227833778
фурсьют,all,,1 000 ₽,,,,https://www.avito.ru/astrahan/sport_i_otdyh/fursyut_lisa_7536964171
фурсьют,all,"Ещё
5 фото",6 990 ₽,,,,https://www.avito.ru/cheboksary/kollektsionirovanie/fursyut_koshka_kot_nedodelka_8280978539
фурсьют,all,,2 500 ₽,,,,https://www.avito.ru/vologda/kollektsionirovanie/fursyut_osnova_8053167907
фурсьют,all,,4 000 ₽,,,,https://www.avito.ru/samara/odezhda_obuv_aksessuary/fursyut_manokit_hed_7759207145
фурсьют,all,,1 000 ₽,,,,https://www.avito.ru/kurchatov/odezhda_obuv_aksessuary/fursyut_golova_7968402201
фурсьют,all,"Ещё
1 фото",7 200 ₽,,,,https://www.avito.ru/orel/odezhda_obuv_aksessuary/maska_raptora_fursyut_8177098352
фурсьют,all,,1 500 ₽,,,,https://www.avito.ru/tambov/kollektsionirovanie/fursyut_osnova_8020731537
фурсьют,all,"Ещё
1 фото",1 000 ₽,,,,https://www.avito.ru/komsomolsk-na-amure/odezhda_obuv_aksessuary/fursyut_kogotki_dlya_lapok_3541080900
фурсьют,all,"Ещё
3 фото",23 750 ₽,,,,https://www.avito.ru/moskva/odezhda_obuv_aksessuary/fursyut_maska_raptora_partial_8222531368
фурсьют,all,"Ещё
4 фото",8 000 ₽,,3 дня назад,,https://www.avito.ru/moskovskaya_oblast_krasnogorsk/odezhda_obuv_aksessuary/fursyut_kak_novyy_8327225759
фурсьют,all,"Ещё
3 фото",16 500 ₽,,,,https://www.avito.ru/kotelnich/odezhda_obuv_aksessuary/maska_fursyut_kemono_furri_8062229466
фурсьют,all,,1 000 ₽,,,,https://www.avito.ru/yuzhno-sahalinsk/kollektsionirovanie/furchatki_fursyut_8155907351
фурсьют,all,"Ещё
3 фото",2 000 ₽,,,,https://www.avito.ru/vladivostok/kollektsionirovanie/fursyut-kemono_polupartial_hed_i_hvost_7933388638
фурсьют,all,,4 500 ₽,,,,https://www.avito.ru/bolshaya_murta/odezhda_obuv_aksessuary/fursyut_8202197461
фурсьют,all,,1 000 ₽,,,,https://www.avito.ru/ufa/kollektsionirovanie/maska_furri_fursyut_kot_8342615406
фурсьют,all,,15 001 ₽,,,,https://www.avito.ru/moskva/odezhda_obuv_aksessuary/fursyut_8177725591
фурсьют,all,"Ещё
1 фото",9 836 ₽,,Вчера,,https://www.avito.ru/kirovskaya_oblast_kirov/odezhda_obuv_aksessuary/maska_raptora_fursyut_8447377383
фурсьют,all,"Ещё
3 фото",12 000 ₽,,,,https://www.avito.ru/orehovo-zuevo/odezhda_obuv_aksessuary/fursyut_na_zakaz_2574991180
фурсьют,all,"Ещё
5 фото",15 000 ₽,,,,https://www.avito.ru/angarsk/odezhda_obuv_aksessuary/fursyut_skall_dog_obmen_7324844355
фурсьют,all,"Ещё
4 фото",2 500 ₽,,,,https://www.avito.ru/moskva/odezhda_obuv_aksessuary/fursyut_sobakitosmanskogo_dyavola_8150662842
фурсьют,all,,400 ₽,,,,https://www.avito.ru/sankt-peterburg/kollektsionirovanie/fursyut_osnova_8364942210
фурсьют на заказ,all,,от 15 000 ₽,,,,https://www.avito.ru/moskva/predlozheniya_uslug/fursyut_na_zakaz_8274719293
фурсьют на заказ,all,,40 000 ₽,,,,https://www.avito.ru/moskva/odezhda_obuv_aksessuary/fursyut_na_zakaz_7588593156
фурсьют на заказ,all,"Ещё
5 фото",120 000 ₽,,,,https://www.avito.ru/chelyabinsk/krasota_i_zdorove/fursyut_na_zakaz_7244712194
фурсьют на заказ,all,,10 ₽,,,,https://www.avito.ru/moskva/odezhda_obuv_aksessuary/fursyut_na_zakaz_8256312253
фурсьют на заказ,all,"Ещё
1 фото",10 ₽,,,,https://www.avito.ru/skoropuskovskiy/odezhda_obuv_aksessuary/fursyut_na_zakaz_8040389610
фурсьют на заказ,all,,50 000 ₽,,,,https://www.avito.ru/moskva/odezhda_obuv_aksessuary/fursyut_na_zakaz_7588228119
фурсьют на заказ,all,"Ещё
1 фото",2 750 ₽,,,,https://www.avito.ru/moskva/odezhda_obuv_aksessuary/iskusstvennyy_meh_belyy_pesets_4306857955
фурсьют на заказ,all,"Ещё
4 фото",Цена договорная,,,,https://www.avito.ru/moskva/predlozheniya_uslug/fursyut_na_zakaz_2442289542
фурсьют на заказ,all,,1 500 ₽,,,,https://www.avito.ru/moskva/kollektsionirovanie/furchatki_na_zakaz_fursyut_8149499208
фурсьют на заказ,all,"Ещё
3 фото",19 000 ₽,,,,https://www.avito.ru/abakan/odezhda_obuv_aksessuary/fursyut_skelet_sobaki_7801203882
фурсьют на заказ,all,,1 000 ₽,,,,https://www.avito.ru/chelyabinsk/odezhda_obuv_aksessuary/fursyut_na_zakaz_7613070678
фурсьют на заказ,all,"Ещё
5 фото",35 758 ₽,,,,https://www.avito.ru/tashtagol/odezhda_obuv_aksessuary/fursyut_volka_tolko_prodazha_7431626710
фурсьют на заказ,all,,9 000 ₽,,,,https://www.avito.ru/stavropol/odezhda_obuv_aksessuary/fursyut_na_zakaz_8029175916
фурсьют на заказ,all,"Ещё
4 фото",от 5 000 ₽,,,,https://www.avito.ru/moskva/predlozheniya_uslug/fursyut_na_zakaz_ofurenie_2402815887
фурсьют на заказ,all,,1 000 ₽,,,,https://www.avito.ru/krasnodar/odezhda_obuv_aksessuary/furchatki_na_zakaz_fursyut_8076797506
фурсьют на заказ,all,,500 ₽,,,,https://www.avito.ru/moskva/odezhda_obuv_aksessuary/fursyut_na_zakaz_opisanie_7926901582
фурсьют на заказ,all,,3 500 ₽,,,,https://www.avito.ru/dolinsk/odezhda_obuv_aksessuary/fursyut_furchatki_na_zakaz_2968841190
фурсьют на заказ,all,"Ещё
3 фото",20 000 ₽,,,,https://www.avito.ru/chelyabinsk/odezhda_obuv_aksessuary/fursyut_i_furri_kostyumy._chit_opisanie_8143226747
фурсьют на заказ,all,,1 111 ₽,,,,https://www.avito.ru/bryansk/kollektsionirovanie/fursyut_aroku.sun_furri_8280044039
фурсьют на заказ,all,"Ещё
4 фото",2 050 ₽,,,,https://www.avito.ru/moskva/mebel_i_interer/meh_sheggi_3283112746
фурсьют на заказ,all,,от 5 000 ₽,,,,https://www.avito.ru/maykop/predlozheniya_uslug/fursyut_maski_na_zakaz_7637253862
фурсьют на заказ,all,,650 ₽,,,,https://www.avito.ru/moskva/odezhda_obuv_aksessuary/meh_iskusstvennyy_pesets_7826660505
фурсьют на заказ,all,,10 000 ₽,,,,https://www.avito.ru/moskva/odezhda_obuv_aksessuary/fursyut_kemono_kigurumi_na_zakaz_8097243614
фурсьют на заказ,all,,1 000 ₽,,,,https://www.avito.ru/nizhegorodskaya_oblast_ardatov/predlozheniya_uslug/sdelayu_fursyut_na_zakaz_7249569623
фурсьют на заказ,all,,2 747 ₽,,,,https://www.avito.ru/mytischi/odezhda_obuv_aksessuary/fursyut_osnova_8339133430
фурсьют на заказ,all,"Ещё
4 фото",от 10 000 ₽,,,,https://www.avito.ru/krasnoyarsk/predlozheniya_uslug/fursyut_na_zakaz_8107996684
фурсьют на заказ,all,,7 176 ₽,,3 дня назад,,https://www.avito.ru/schelkovo/kollektsionirovanie/fursyut_osnova_olen_8447018284
фурсьют на заказ,all,"Ещё
1 фото",3 000 ₽,,3 дня назад,,https://www.avito.ru/tyumen/odezhda_obuv_aksessuary/fursyut_skalldog_beru_zakazy_opisanie_8386702519
фурсьют на заказ,all,"Ещё
5 фото",45 000 ₽,,,,https://www.avito.ru/moskva/odezhda_obuv_aksessuary/fursyut_4487096225
фурсьют на заказ,all,"Ещё
4 фото",17 000 ₽,,,,https://www.avito.ru/kaltan/odezhda_obuv_aksessuary/fursyut_8174751257
фурсьют на заказ,all,"Ещё
2 фото",26 100 ₽,,,,https://www.avito.ru/odintsovo/odezhda_obuv_aksessuary/fursyut_lisa_narutto_4040271968
фурсьют на заказ,all,,50 000 ₽,,,,https://www.avito.ru/moskva/odezhda_obuv_aksessuary/fursyut_na_zakaz_7556420010
фурсьют на заказ,all,,1 700 ₽,,,,https://www.avito.ru/moskovskaya_oblast_moskovskiy/chasy_i_ukrasheniya/fursyut_na_zakaz_8239290586
фурсьют на заказ,all,"Ещё
3 фото",26 000 ₽,,,,https://www.avito.ru/moskva/odezhda_obuv_aksessuary/fursyut_na_zakaz_7665858155
фурсьют на заказ,all,,4 500 ₽,,,,https://www.avito.ru/moskva/odezhda_obuv_aksessuary/fursyut._osnova_digi_nog_na_zakaz_7978122890
фурсьют на заказ,all,"Ещё
2 фото",от 6 000 ₽,,,,https://www.avito.ru/moskva/predlozheniya_uslug/krylya_na_zakaz_kospley_kraft_fursyut_na_zakaz_8244126587
фурсьют на заказ,all,,3 500 ₽,,,,https://www.avito.ru/novokuznetsk/kollektsionirovanie/fursyut_osnova_tigr_8082347919
фурсьют на заказ,all,,800 ₽,,,,https://www.avito.ru/moskva/odezhda_obuv_aksessuary/fursyut_osheynik_na_zakaz_7905456547
фурсьют на заказ,all,,от 5 000 ₽,,,,https://www.avito.ru/sevastopol/predlozheniya_uslug/fursyut_na_zakaz_8273536826
фурсьют на заказ,all,,2 907 ₽,,,,https://www.avito.ru/korolev/mebel_i_interer/iskusstvennyy_meh_tkan_8361706673
фурсьют на заказ,all,"Ещё
1 фото",6 030 ₽,,,,https://www.avito.ru/samara/odezhda_obuv_aksessuary/fursyut_furchatki_belye_3500963677
фурсьют на заказ,all,"Ещё
5 фото",от 10 000 ₽,,,,https://www.avito.ru/shahty/predlozheniya_uslug/fursyut_na_zakaz_3694621707
фурсьют на заказ,all,,777 ₽,,,,https://www.avito.ru/velikiy_novgorod/predlozheniya_uslug/fursyut_na_zakaz_skalldog_raptory_8320075847
фурсьют на заказ,all,,2 500 ₽,,,,https://www.avito.ru/sankt-peterburg/odezhda_obuv_aksessuary/porolonovye_fursyut_osnovy_na_zakaz_7419651586
фурсьют на заказ,all,,1 500 ₽,,,,https://www.avito.ru/serpuhov/odezhda_obuv_aksessuary/hvosty_dlya_fursyutov_na_zakazchit_opis_7705946219
фурсьют на заказ,all,,1 970 ₽,,,,https://www.avito.ru/zmievka/odezhda_obuv_aksessuary/furri_osnova_kemono_multyahakigurumifursyut_7749871840
фурсьют на заказ,all,,от 7 000 ₽,,,,https://www.avito.ru/moskva/predlozheniya_uslug/fursyut_na_zakaz_8189573505
фурсьют на заказ,all,"Ещё
3 фото",5 546 ₽,,,,https://www.avito.ru/taldom/kollektsionirovanie/fursyut_osnova_pod_zakaz_8221757063
фурсьют на заказ,all,"Ещё
4 фото",2 800 ₽,,,,https://www.avito.ru/yaroslavl/odezhda_obuv_aksessuary/osnova_dlya_fursyuta_na_zakaz_lyuboy_vid_zhivotnogo_3659791857
фурсьют на заказ,all,"Ещё
3 фото",от 3 000 ₽,,,,https://www.avito.ru/moskva/predlozheniya_uslug/fursyut_na_zakaz_3098505507
фурсьют на заказ,all,,от 2 500 ₽,,,,https://www.avito.ru/novosibirsk/predlozheniya_uslug/fursyut_na_zakaz_8060087753
фурсьют на заказ,all,"Ещё
3 фото",25 000 ₽,,3 дня назад,,https://www.avito.ru/moskva/odezhda_obuv_aksessuary/maska_raptora_fursyut_8232606817
фурсьют на заказ,all,"Ещё
3 фото",10 500 ₽,,,,https://www.avito.ru/sankt-peterburg/odezhda_obuv_aksessuary/fursyut_8077549021
фурсьют на заказ,all,"Ещё
1 фото",2 500 ₽,,,,https://www.avito.ru/donetsk/odezhda_obuv_aksessuary/digi_nogi_i_furtapki_na_fursyut_7823694754
фурсьют на заказ,all,"Ещё
5 фото",Цена договорная,,,,https://www.avito.ru/shygyrdan/predlozheniya_uslug/fursyut_na_zakaz_8238064365
фурсьют на заказ,all,,9 000 ₽,,,,https://www.avito.ru/sankt-peterburg/odezhda_obuv_aksessuary/fursyut_hedpartial_na_zakaz_7419482727
фурсьют на заказ,all,,от 3 000 ₽,,,,https://www.avito.ru/chelyabinskaya_oblast_ozersk/predlozheniya_uslug/fursyut_na_zakaz_7973249114
фурсьют на заказ,all,,100 ₽,,,,https://www.avito.ru/sankt-peterburg/kollektsionirovanie/fursyut_protogen._predzakaz_8032084914
фурсьют на заказ,all,,100 ₽,,7 дней назад,,https://www.avito.ru/moskva/tovary_dlya_detey_i_igrushki/maska_raptora_fursyut_8416940650
фурсьют на заказ,all,,2 935 ₽,,,,https://www.avito.ru/korolev/odezhda_obuv_aksessuary/iskusstvennyy_meh_lama_persik_4394182918
фурсьют на заказ,all,"Ещё
5 фото",от 4 500 ₽,,,,https://www.avito.ru/moskovskaya_oblast_chehov/predlozheniya_uslug/furchatki_na_zakaz_fursyut_8342156441
фурсьют на заказ,all,"Ещё
4 фото",1 000 ₽,,,,https://www.avito.ru/moskva/detskaya_odezhda_i_obuv/fursyutkostyum_na_zakaz_8062586731
фурсьют на заказ,all,,1 900 ₽,,,,https://www.avito.ru/elets/kollektsionirovanie/fursyut_7253047456
фурсьют на заказ,all,,10 ₽,,,,https://www.avito.ru/ivanovo/kollektsionirovanie/fursyut_krysa_obmen_8114662373
фурсьют на заказ,all,"Ещё
4 фото",13 000 ₽,,,,https://www.avito.ru/udmurtiya_zavyalovo/odezhda_obuv_aksessuary/fursyut_kospley_fnaf_mxes_s_kigurumi_7498494173
фурсьют на заказ,all,"Ещё
5 фото",6 030 ₽,,,,https://www.avito.ru/sankt-peterburg/odezhda_obuv_aksessuary/fursyut_volka_ili_sobaki_prodazha_i_obmen_4368795050
фурсьют на заказ,all,,от 1 111 ₽,,,,https://www.avito.ru/bryansk/predlozheniya_uslug/fursyut_masterskaya_furri_4153201780
фурсьют на заказ,all,,800 ₽,,,,https://www.avito.ru/moskva/odezhda_obuv_aksessuary/iskusstvennyy_meh_tkan_2963233704
фурсьют на заказ,all,"Ещё
1 фото",8 500 ₽,,,,https://www.avito.ru/moskva/kollektsionirovanie/maska_raptora_furii_fursyut_7922650285
фурсьют на заказ,all,,4 200 ₽,,,,https://www.avito.ru/nizhniy_novgorod/odezhda_obuv_aksessuary/furchatki._fursyut_2669490353
фурсьют на заказ,all,,165 ₽,,,,https://www.avito.ru/magnitogorsk/odezhda_obuv_aksessuary/glaza_fursyut_plastik_8226974102
фурсьют на заказ,all,,3 898 ₽,,,,https://www.avito.ru/ertil/kollektsionirovanie/maska_fursyut_8254337439
фурсьют на заказ,all,"Ещё
2 фото",5 000 ₽,,,,https://www.avito.ru/znamya_oktyabrya/kollektsionirovanie/fursyut_na_zakaz_8238908133
фурсьют на заказ,all,,от 14 000 ₽,,,,https://www.avito.ru/moskva/predlozheniya_uslug/fursyut_na_zakaz_8144789310
фурсьют на заказ,all,,5 000 ₽,,,,https://www.avito.ru/moskovskaya_oblast_moskovskiy/odezhda_obuv_aksessuary/fursyut_na_zakaz_fursyuty_ofurenie_7969040872
фурсьют на заказ,all,"Ещё
3 фото",11 ₽,,,,https://www.avito.ru/sortavala/kollektsionirovanie/fursyut_8239255458
фурсьют на заказ,all,,3 000 ₽,,,,https://www.avito.ru/samara/odezhda_obuv_aksessuary/fursyut_lapy_7385737077
фурсьют на заказ,all,,3 500 ₽,,,,https://www.avito.ru/novokuznetsk/kollektsionirovanie/fursyut_osnova_manokit_8082583875
фурсьют на заказ,all,"Ещё
5 фото",от 1 500 ₽,,,,https://www.avito.ru/moskva/predlozheniya_uslug/fursyuty_na_zakaz_7618083949
фурсьют на заказ,all,,350 ₽,,,,https://www.avito.ru/kursk/odezhda_obuv_aksessuary/yazyk_dlya_furri_fursyut_raznotsvetnyy_aksessuar_7944582925
фурсьют на заказ,all,,от 4 000 ₽ за штуку,,,,https://www.avito.ru/nizhniy_novgorod/predlozheniya_uslug/hvosty_na_zakaz_dlya_fursyutov_8136803763
фурсьют на заказ,all,"Ещё
4 фото",3 000 ₽,,,,https://www.avito.ru/kazan/odezhda_obuv_aksessuary/fursyut_7995715578
фурсьют на заказ,all,"Ещё
4 фото",от 1 000 ₽,,,,https://www.avito.ru/aleksin/predlozheniya_uslug/fursyutraptory_na_zakaz_8252131083
фурсьют на заказ,all,"Ещё
4 фото",от 25 000 ₽,,,,https://www.avito.ru/tula/predlozheniya_uslug/fursyut_realistik_na_zakaz_po_vashemu_personazhu_8142717759
фурсьют на заказ,all,,1 000 ₽,,,,https://www.avito.ru/stavropol/odezhda_obuv_aksessuary/fursyut_7823905758
фурсьют на заказ,all,,2 197 ₽,,,,https://www.avito.ru/ivanovskaya_oblast_shuya/odezhda_obuv_aksessuary/fursyut_perchatki_iz_flisa_plyusha_7920692692
фурсьют на заказ,all,,от 7 000 ₽,,,,https://www.avito.ru/sankt-peterburg/predlozheniya_uslug/fursyut_na_zakaz_8121338423
фурсьют на заказ,all,"Ещё
2 фото",от 7 000 ₽,,,,https://www.avito.ru/minusinsk/predlozheniya_uslug/3d_pechat_osnov_dlya_fursyutov_7381183227
фурсьют на заказ,all,,6 500 ₽,,,,https://www.avito.ru/moskva/kollektsionirovanie/furtapki_na_zakaz_fursyut_furri_7953559650
фурсьют на заказ,all,,2 527 ₽,,,,https://www.avito.ru/kolomna/odezhda_obuv_aksessuary/fursyut_osnova_lisa_8095166914
фурсьют на заказ,all,"Ещё
3 фото",3 349 ₽,,,,https://www.avito.ru/sankt-peterburg/odezhda_obuv_aksessuary/osnova_skall_ket_fursyut_furri_8218724242
фурсьют на заказ,all,"Ещё
5 фото",3 506 ₽,,,,https://www.avito.ru/tomsk/sport_i_otdyh/maska_fursyut_furrisyut_4811479674
фурсьют на заказ,all,"Ещё
5 фото",от 20 000 ₽,,,,https://www.avito.ru/moskva/predlozheniya_uslug/fursyut_na_zakaz_4378961106
фурсьют на заказ,all,,3 500 ₽,,,,https://www.avito.ru/novokuznetsk/kollektsionirovanie/fursyut_osnova_sablezubyy_tigr_8082364164
фурсьют на заказ,all,"Ещё
5 фото",1 700 ₽,,,,https://www.avito.ru/perm/odezhda_obuv_aksessuary/fursyuty_prodazha_7996626998
фурсьют на заказ,all,"Ещё
1 фото",8 000 ₽,,,,https://www.avito.ru/orehovo-zuevo/odezhda_obuv_aksessuary/maska_4475193934
фурсьют на заказ,all,,2 500 ₽,,,,https://www.avito.ru/noginsk/kollektsionirovanie/furri_fursyut_skuldog_8027063864
фурсьют на заказ,all,,2 200 ₽,,,,https://www.avito.ru/petrozavodsk/kollektsionirovanie/fursyut_osnova_sobaki_bulterer_4633080228
фурсьют на заказ,all,,1 500 ₽,,,,https://www.avito.ru/orenburg/predlozheniya_uslug/hvosty_na_zakazhvosty_na_fursyutkospley_8293028698
фурсьют на заказ,all,"Ещё
5 фото",16 500 ₽,,,,https://www.avito.ru/perm/tovary_dlya_detey_i_igrushki/fursyut_pesik_sobaka_realistik_7804431094
фурсьют на заказ,all,,450 ₽,,,,https://www.avito.ru/amurskaya_oblast_blagoveschensk/odezhda_obuv_aksessuary/hvost_furri_kospley_kvadrobika_3727915283
фурсьют на заказ,all,"Ещё
3 фото",7 400 ₽,,,,https://www.avito.ru/varenikovskaya/odezhda_obuv_aksessuary/fursyut_hed_v_kompektatsii_8050652292
фурсьют на заказ,all,"Ещё
2 фото",6 210 ₽,,,,https://www.avito.ru/samara/odezhda_obuv_aksessuary/fursyut_furtapki_cherno-rozovye_7564299227
фурсьют на заказ,all,"Ещё
5 фото",от 2 500 ₽,,,,https://www.avito.ru/cheboksary/predlozheniya_uslug/fursyuty_na_zakaz_4094376374
фурсьют на заказ,all,,4 500 ₽,,,,https://www.avito.ru/moskva/odezhda_obuv_aksessuary/fursyutkospley_aksessuar._shleyka_8234547956
фурсьют на заказ,all,,15 000 ₽,,,,https://www.avito.ru/kommunarka/predlozheniya_uslug/fursyut_kollet_iz_bravl_stars_8056573412
фурсьют на заказ,all,"Ещё
5 фото",6 000 ₽,,,,https://www.avito.ru/balashiha/odezhda_obuv_aksessuary/fursyut_partial_8148905397
фурсьют на заказ,all,,1 250 ₽,,,,https://www.avito.ru/staryy_oskol/odezhda_obuv_aksessuary/osnova_dlya_fursyut_kemono_2593852870
фурсьют на заказ,all,,1 648 ₽,,,,https://www.avito.ru/sankt-peterburg/odezhda_obuv_aksessuary/fursyut_lapy_furchatki_na_zakaz_7419624912
фурсьют на заказ,all,,4 200 ₽,,,,https://www.avito.ru/nizhniy_novgorod/odezhda_obuv_aksessuary/furchatki._fursyut_2669551152
фурсьют на заказ,all,"Ещё
5 фото",790 ₽,,,,https://www.avito.ru/moskva/mebel_i_interer/iskusstvennyy_meh_v_assortimerte_na_otrez_7524388163
фурсьют на заказ,all,"Ещё
5 фото",14 000 ₽,,,,https://www.avito.ru/rostov-na-donu/kollektsionirovanie/maska_lisy_dlya_kosple_teatralnaya_maska_fursyut_4047663696
фурсьют на заказ,all,"Ещё
4 фото",от 35 000 ₽,,,,https://www.avito.ru/moskva/predlozheniya_uslug/fursyut_na_zakaz_2564874309
фурсьют на заказ,all,,6 000 ₽,,,,https://www.avito.ru/moskva/kollektsionirovanie/igrushka_kukla_igrushki_po_foto_fursyut_antistress_3825152338
фурсьют на заказ,all,"Ещё
5 фото",15 000 ₽,,,,https://www.avito.ru/sankt-peterburg/kollektsionirovanie/maska_karnavalnaya_fursyut_8384086955
фурсьют на заказ,all,,5 000 ₽,,,,https://www.avito.ru/aprelevka/kollektsionirovanie/maska_raptora_fursyut_8148646567
фурсьют на заказ,all,"Ещё
1 фото",8 500 ₽,,,,https://www.avito.ru/moskva/odezhda_obuv_aksessuary/rostovoy_kostyum_fursyut_8096216324
фурсьют на заказ,all,,300 ₽,,,,https://www.avito.ru/ivanovo/odezhda_obuv_aksessuary/maska_dlya_kvadrobikina_zakaz_8311425215
фурсьют на заказ,all,,600 ₽,,,,https://www.avito.ru/moskva/odezhda_obuv_aksessuary/furri_beydzh_8312139313
фурсьют на заказ,all,,от 300 ₽,,,,https://www.avito.ru/kamensk-uralskiy/predlozheniya_uslug/delayu_maski_na_zakaz_8106781189
фурсьют на заказ,all,,120 000 ₽,,,,https://www.avito.ru/moskva/odezhda_obuv_aksessuary/fursyut_sobaki_kostyum_sobaki_2798327021
фурсьют на заказ,all,,480 ₽,,,,https://www.avito.ru/belgorod/odezhda_obuv_aksessuary/furri_fursyut_maska_olenyaloshadi_8045645796
фурсьют на заказ,all,,37 000 ₽,,,,https://www.avito.ru/kommunarka/odezhda_obuv_aksessuary/kostyum_furri_fursyut_7928563648
фурсьют на заказ,all,"Ещё
5 фото",650 ₽,,,,https://www.avito.ru/moskva/mebel_i_interer/iskusstvennyy_meh_na_otrez_dlya_sozdaniya_fursyutov_7972491552
фурсьют на заказ,all,"Ещё
2 фото",от 10 000 ₽,,,,https://www.avito.ru/habarovsk/predlozheniya_uslug/fursyut_na_zakaz_8209666803
основа фурсьюта,all,,150 ₽,,,,https://www.avito.ru/balakovo/odezhda_obuv_aksessuary/osnova_dlya_fursyuta_maneken_4393406057
основа фурсьюта,all,,1 650 ₽,,,,https://www.avito.ru/gostagaevskaya/kollektsionirovanie/osnova_dlya_fursyuta_3d_pechat_8385639147
основа фурсьюта,all,,2 000 ₽,,,,https://www.avito.ru/tashla/kollektsionirovanie/osnova_dlya_polurealistik_fursyuta_7369836955
основа фурсьюта,all,"Ещё
5 фото",3 500 ₽,,,,https://www.avito.ru/belgorod/odezhda_obuv_aksessuary/osnova_na_furtapki_digi_dlya_fursyuta_3574201114
основа фурсьюта,all,,4 419 ₽,,,,https://www.avito.ru/yaroslavl/sport_i_otdyh/osnova_borzoy_dlya_fursyuta_tpu_8357074456
основа фурсьюта,all,"Ещё
5 фото",300 ₽,,,,https://www.avito.ru/ekaterinburg/kollektsionirovanie/osnova_skuldoga_dlya_fursyuta_7977400282
основа фурсьюта,all,,2 500 ₽,,,,https://www.avito.ru/yaroslavl/kollektsionirovanie/osnova_dlya_fursyuta_borzaya_8058140483
основа фурсьюта,all,,1 400 ₽,,7 дней назад,,https://www.avito.ru/voronezh/odezhda_obuv_aksessuary/osnova_plastikovaya_dlya_fursyuta_8344945062
основа фурсьюта,all,"Ещё
2 фото",10 ₽,,3 дня назад,,https://www.avito.ru/naberezhnye_chelny/kollektsionirovanie/osnovy_dlya_fursyuta_8416740320
основа фурсьюта,all,,2 197 ₽,,,,https://www.avito.ru/krasnodar/krasota_i_zdorove/osnova_dlya_fursyuta_utka_8323203770
основа фурсьюта,all,,1 023 ₽,,,,https://www.avito.ru/goryachiy_klyuch/krasota_i_zdorove/osnova_dlya_fursyuta_koshka_8154978768
основа фурсьюта,all,,700 ₽,,,,https://www.avito.ru/kaliningrad/kollektsionirovanie/osnova_dlya_fursyuta_7835511646
основа фурсьюта,all,"Ещё
2 фото",3 500 ₽,,7 дней назад,,https://www.avito.ru/moskva/odezhda_obuv_aksessuary/osnova_dlya_fursyuta_koza_ovtsa_8449301855
основа фурсьюта,all,"Ещё
1 фото",3 846 ₽,,,,https://www.avito.ru/rybinsk/kollektsionirovanie/osnova_dlya_fursyuta_zubastyy_opossum_7671753755
основа фурсьюта,all,,4 500 ₽,,7 дней назад,,https://www.avito.ru/stavropolskiy_kray_mihaylovsk/krasota_i_zdorove/osnova_dlya_fursyuta_8374267156
основа фурсьюта,all,,2 989 ₽,,,,https://www.avito.ru/sankt-peterburg/kollektsionirovanie/osnova_doya_fursyuta_sovy_sipuhi_8009848734
основа фурсьюта,all,"Ещё
3 фото",1 235 ₽,,,,https://www.avito.ru/ulyanovsk/odezhda_obuv_aksessuary/bazaosnova_dlya_fursyuta_kemono_8312072822
основа фурсьюта,all,,2 800 ₽,,,,https://www.avito.ru/kolomna/kollektsionirovanie/osnova_dlya_fursyuta_drakon_8191618223
основа фурсьюта,all,,2 656 ₽,,,,https://www.avito.ru/tambov/kollektsionirovanie/osnova_dlya_fursyuta_8273028217
основа фурсьюта,all,,2 500 ₽,,,,https://www.avito.ru/moskva/kollektsionirovanie/osnova_dlya_fursyuta_8289773976
основа фурсьюта,all,,1 500 ₽,,7 дней назад,,https://www.avito.ru/kotlas/kollektsionirovanie/osnova_dlya_fursyuta_iz_porolona_8302445742
основа фурсьюта,all,,2 800 ₽,,,,https://www.avito.ru/kolomna/kollektsionirovanie/osnova_dlya_fursyuta_vernid_8191570552
основа фурсьюта,all,,2 000 ₽,,,,https://www.avito.ru/voskresensk/odezhda_obuv_aksessuary/osnova_dlya_fursyuta_8222661319
основа фурсьюта,all,,2 401 ₽,,,,https://www.avito.ru/moskva/odezhda_obuv_aksessuary/osnova_dlya_fursyuta_8362471391
основа фурсьюта,all,,4 945 ₽,,,,https://www.avito.ru/balashiha/odezhda_obuv_aksessuary/osnova_dlya_fursyuta_8384253899
основа фурсьюта,all,"Ещё
2 фото",3 000 ₽,,,,https://www.avito.ru/volgograd/kollektsionirovanie/osnova_dlya_fursyuta_sobaka_8210425328
основа фурсьюта,all,,4 280 ₽,,,,https://www.avito.ru/yoshkar-ola/kollektsionirovanie/sokol_osnova_dlya_fursyuta_3739268707
основа фурсьюта,all,,1 500 ₽,,3 дня назад,,https://www.avito.ru/schelkovo/odezhda_obuv_aksessuary/osnova_dlya_fursyuta_8344317866
основа фурсьюта,all,,2 000 ₽,,,,https://www.avito.ru/maykop/kollektsionirovanie/osnova_dlya_fursyuta_giena_sobaka_8090851941
основа фурсьюта,all,,2 239 ₽,,,,https://www.avito.ru/pyatigorsk/kollektsionirovanie/osnova_dlya_fursyuta_volk_8227312753
основа фурсьюта,all,,1 900 ₽,,,,https://www.avito.ru/ryazan/odezhda_obuv_aksessuary/osnova_dlya_fursyuta_sobaka_mult_statichnaya_4669255241
основа фурсьюта,all,"Ещё
5 фото",2 700 ₽,,,,https://www.avito.ru/ryazan/odezhda_obuv_aksessuary/osnova_dlya_fursyuta_borzaya_realistik_4221447471
основа фурсьюта,all,"Ещё
2 фото",3 500 ₽,,,,https://www.avito.ru/nizhniy_novgorod/sport_i_otdyh/giena_osnova_dlya_fursyuta_furri_7998389082
основа фурсьюта,all,,6 500 ₽,,,,https://www.avito.ru/vladimir/kollektsionirovanie/osnova_dlya_fursyuta_kemono_mult_8339783900
основа фурсьюта,all,"Ещё
5 фото",100 ₽,,,,https://www.avito.ru/aleksin/krasota_i_zdorove/osnova_dlya_fursyuta_porolon_8144318562
основа фурсьюта,all,,2 600 ₽,,,,https://www.avito.ru/ryazan/odezhda_obuv_aksessuary/osnova_dlya_fursyuta_mult_lev_3581030436
основа фурсьюта,all,,3 600 ₽,,,,https://www.avito.ru/moskva/odezhda_obuv_aksessuary/osnova_dlya_fursyuta_kemono_8126767979
основа фурсьюта,all,,1 648 ₽,,,,https://www.avito.ru/krasnodar/krasota_i_zdorove/osnova_dlya_fursyuta_olenenok_8180088955
основа фурсьюта,all,,3 000 ₽,,,,https://www.avito.ru/samara/odezhda_obuv_aksessuary/osnova_dlya_fursyuta_8231535120
основа фурсьюта,all,,6 000 ₽,,,,https://www.avito.ru/novosibirsk/kollektsionirovanie/osnova_protogena_furri_8397812339
основа фурсьюта,all,,3 000 ₽,,,,https://www.avito.ru/izhevsk/kollektsionirovanie/osnova_dlya_fursyuta_zubastyy_drakon_7754845732
основа фурсьюта,all,,800 ₽,,,,https://www.avito.ru/velikiy_novgorod/odezhda_obuv_aksessuary/osnova_dlya_fursyuta_7793021304
основа фурсьюта,all,"Ещё
2 фото",1 000 ₽,,,,https://www.avito.ru/ekaterinburg/tovary_dlya_detey_i_igrushki/osnova_dlya_fursyuta_koshki_3800628721
основа фурсьюта,all,,1 000 ₽,,,,https://www.avito.ru/novosibirsk/sport_i_otdyh/osnova_dlya_fursyuta_skretch_8253957468
основа фурсьюта,all,,9 000 ₽,,,,https://www.avito.ru/kemerovo/odezhda_obuv_aksessuary/osnova_dlya_fursyuta_8262413239
основа фурсьюта,all,,1 500 ₽,,,,https://www.avito.ru/altayskiy_kray_pavlovsk/kollektsionirovanie/osnova_dlya_fursyuta_8239664009
основа фурсьюта,all,,2 500 ₽,,,,https://www.avito.ru/leningradskaya_oblast_sosnovyy_bor/kollektsionirovanie/osnova_dlya_fursyuta_ot_ksenon_8278224769
основа фурсьюта,all,"Ещё
4 фото",9 000 ₽,,,,https://www.avito.ru/rostov-na-donu/odezhda_obuv_aksessuary/osnova_dlya_fursyuta_kroko_8397641573
основа фурсьюта,all,"Ещё
2 фото",599 ₽,,,,https://www.avito.ru/krasnoyarskiy_kray_zheleznogorsk/kollektsionirovanie/fursyut_osnova_8104329431
основа фурсьюта,all,,6 000 ₽,,,,https://www.avito.ru/sankt-peterburg/kollektsionirovanie/maska_osnova_fursyuta_luis_vydayuschiesya_zveri_8043619832
основа фурсьюта,all,,4 223 ₽,,,,https://www.avito.ru/yaroslavl/sport_i_otdyh/osnova_dlya_fursyuta_sobaka_tpu_8361213093
основа фурсьюта,all,"Ещё
4 фото",1 800 ₽,,,,https://www.avito.ru/moskva/odezhda_obuv_aksessuary/osnova_dlya_fursyuta_kemono_kigurumi_furri_8129721541
основа фурсьюта,all,,2 500 ₽,,,,https://www.avito.ru/krasnoyarsk/kollektsionirovanie/osnova_golova_dlya_fursyuta_3d_pechat_7985246000
основа фурсьюта,all,,600 ₽,,,,https://www.avito.ru/novosibirsk/kollektsionirovanie/osnova_dlya_fursyuta_8254817858
основа фурсьюта,all,,7 500 ₽,,,,https://www.avito.ru/kursk/odezhda_obuv_aksessuary/osnovy_dlya_fursyuta_meh_8294594994
основа фурсьюта,all,,500 ₽,,7 дней назад,,https://www.avito.ru/ekaterinburg/odezhda_obuv_aksessuary/osnova_dlya_fursyuta_8386994160
основа фурсьюта,all,,2 100 ₽,,,,https://www.avito.ru/voronezh/krasota_i_zdorove/gotovaya_osnova_dlya_golovy_fursyuta_maska_furri_7944591261
основа фурсьюта,all,,1 500 ₽,,,,https://www.avito.ru/donetsk/odezhda_obuv_aksessuary/osnova_dlya_fursyuta_plastikovaya_8270867009
основа фурсьюта,all,,425 ₽,,,,https://www.avito.ru/moskva/sport_i_otdyh/osnova_hvost_dlya_fursyuta_7920147143
основа фурсьюта,all,,2 105 ₽,,,,https://www.avito.ru/novosibirsk/odezhda_obuv_aksessuary/osnova_dlya_fursyuta_lisa_8148153648
основа фурсьюта,all,,2 000 ₽,,,,https://www.avito.ru/kemerovo/odezhda_obuv_aksessuary/osnova_dlya_hvosta_fursyuta_8077988295
основа фурсьюта,all,,1 980 ₽,,,,https://www.avito.ru/staryy_oskol/odezhda_obuv_aksessuary/protogen_osnova_dlya_fursyuta_8161626599
основа фурсьюта,all,,1 800 ₽,,,,https://www.avito.ru/nizhniy_novgorod/odezhda_obuv_aksessuary/osnova_dlya_fursyuta_furri_7956204121
основа фурсьюта,all,,2 747 ₽,,,,https://www.avito.ru/balashiha/odezhda_obuv_aksessuary/osnova_dlya_fursyuta_koshka_furri_8345365965
основа фурсьюта,all,,2 500 ₽,,,,https://www.avito.ru/krasnoyarsk/kollektsionirovanie/osnova_dlya_fursyuta_zagotovka_iz_plastika_pod_meh_7985120705
основа фурсьюта,all,,1 500 ₽,,,,https://www.avito.ru/detchino/kollektsionirovanie/osnova_dlya_fursyuta_8025408367
основа фурсьюта,all,,4 000 ₽,,,,https://www.avito.ru/nizhniy_novgorod/odezhda_obuv_aksessuary/sobaka_osnova_dlya_fursyuta_furri_7614943350
основа фурсьюта,all,"Ещё
4 фото",523 ₽,,,,https://www.avito.ru/krasnokamsk/krasota_i_zdorove/osnova_dlya_fursyuta_sobaka_8129772436
основа фурсьюта,all,"Ещё
5 фото",800 ₽,,,,https://www.avito.ru/tomsk/sport_i_otdyh/maska_raptora_osnova_8113730832
основа фурсьюта,all,,350 ₽,,,,https://www.avito.ru/bryansk/odezhda_obuv_aksessuary/osnova_dlya_fursyuta_8312617946
основа фурсьюта,all,,1 098 ₽,,,,https://www.avito.ru/petrozavodsk/odezhda_obuv_aksessuary/maska_osnova_dlya_fursyuta_8121079787
основа фурсьюта,all,,900 ₽,,,,https://www.avito.ru/bashkortostan_mihaylovka/kollektsionirovanie/fursyuty_na_zakaz_chit._opis_3574917366
основа фурсьюта,all,"Ещё
1 фото",5 500 ₽,,,,https://www.avito.ru/novomoskovsk/odezhda_obuv_aksessuary/osnova_dlya_fursyuta_drakon_8180794585
основа фурсьюта,all,,4 000 ₽,,,,https://www.avito.ru/rybinsk/odezhda_obuv_aksessuary/osnova_na_vernida_7351121717
основа фурсьюта,all,,5 000 ₽,,,,https://www.avito.ru/rybinsk/kollektsionirovanie/osnova_dlya_fursyuta_opossum_8183017481
основа фурсьюта,all,,240 ₽,,,,https://www.avito.ru/ivanovskaya_oblast_shuya/odezhda_obuv_aksessuary/nos_dlya_fursyuta_8220061136
основа фурсьюта,all,"Ещё
1 фото",7 692 ₽,,,,https://www.avito.ru/kaluga/kollektsionirovanie/osnova_dlya_fursyuta_8018916732
основа фурсьюта,all,,2 967 ₽,,,,https://www.avito.ru/kemerovo/odezhda_obuv_aksessuary/osnova_dlya_fursyuta_8144094641
основа фурсьюта,all,,2 500 ₽,,,,https://www.avito.ru/tambov/kollektsionirovanie/osnovy_dlya_fursyuta_8241614932
основа фурсьюта,all,"Ещё
1 фото",1 500 ₽,,,,https://www.avito.ru/vidnoe/odezhda_obuv_aksessuary/osnova_dlya_fursyuta_ptitsa_maska_ptitsy_8148508230
основа фурсьюта,all,,700 ₽,,,,https://www.avito.ru/dobrinka/krasota_i_zdorove/osnova_dlya_fursyuta_8059009363
основа фурсьюта,all,,400 ₽,,,,https://www.avito.ru/moskva/kollektsionirovanie/osnova_dlya_fursyuta_hvost_8096488991
основа фурсьюта,all,,900 ₽,,,,https://www.avito.ru/saratov/kollektsionirovanie/osnova_dlya_fursyuta_fnaf_8341970926
основа фурсьюта,all,"Ещё
1 фото",7 000 ₽,,,,https://www.avito.ru/minusinsk/odezhda_obuv_aksessuary/plastikovaya_osnova_dlya_golovy_fursyuta_7381773543
основа фурсьюта,all,,2 500 ₽,,,,https://www.avito.ru/tashla/kollektsionirovanie/osnova_furri_sobachki_7401291185
основа фурсьюта,all,,2 125 ₽,,,,https://www.avito.ru/tolyatti/odezhda_obuv_aksessuary/osnova_dlya_fursyuta_nedodelka_7973611582
основа фурсьюта,all,,1 990 ₽,,,,https://www.avito.ru/ekaterinburg/odezhda_obuv_aksessuary/osnova_dlya_fursyuta_kemono_golova_8194410359
основа фурсьюта,all,,1 300 ₽,,,,https://www.avito.ru/tyumen/sport_i_otdyh/osnova_maska_dlya_kvadrobiki_furri_kospleya_8040472077
основа фурсьюта,all,,500 ₽,,,,https://www.avito.ru/moskovskaya_oblast_krasnogorsk/tovary_dlya_detey_i_igrushki/obmen_paralonovoy_osnovy_psa_drakona_2672750529
основа фурсьюта,all,,500 ₽,,,,https://www.avito.ru/krasnodar/kollektsionirovanie/osnova_furtapok_4233803510
основа фурсьюта,all,,2 000 ₽,,,,https://www.avito.ru/sankt-peterburg/kollektsionirovanie/osnova_dlya_fursyuta_kemono_7951636703
основа фурсьюта,all,"Ещё
1 фото",3 360 ₽,,,,https://www.avito.ru/arzamas/odezhda_obuv_aksessuary/osnova_dlya_fursyuta_tpu_7996508180
основа фурсьюта,all,,2 800 ₽,,7 дней назад,,https://www.avito.ru/stavropolskiy_kray_mihaylovsk/tovary_dlya_detey_i_igrushki/osnova_na_skritcha_8393383813
основа фурсьюта,all,,1 800 ₽,,,,https://www.avito.ru/seversk/odezhda_obuv_aksessuary/plastikovaya_osnova_dlya_fursyuta_8323348735
основа фурсьюта,all,,1 500 ₽,,,,https://www.avito.ru/balashov/odezhda_obuv_aksessuary/porolonovaya_osnova_dlya_fursyuta_akula_8285300456
основа фурсьюта,all,"Ещё
4 фото",250 ₽,,,,https://www.avito.ru/pudozh/odezhda_obuv_aksessuary/fursyuty_na_zakaz_8210334305
основа фурсьюта,all,,2 260 ₽,,,,https://www.avito.ru/samara/krasota_i_zdorove/fursyut_osnova_iz_paralona_7975210809
основа фурсьюта,all,,1 424 ₽,,,,https://www.avito.ru/pohvistnevo/odezhda_obuv_aksessuary/osnova_dlya_fursyuta_8240948733
основа фурсьюта,all,,3 516 ₽,,,,https://www.avito.ru/rybinsk/kollektsionirovanie/osnova_dlya_fursyuta_raptor_mult_7671247510
основа фурсьюта,all,"Ещё
5 фото",1 100 ₽,,,,https://www.avito.ru/kazan/odezhda_obuv_aksessuary/fursyuty_furchatki_hvosty_8161955959
основа фурсьюта,all,,4 022 ₽,,,,https://www.avito.ru/moskva/sport_i_otdyh/plastikovaya_osnova_kemono_s_podvizhnoy_chelyustyu_8157887004
основа фурсьюта,all,,9 000 ₽,,,,https://www.avito.ru/kemerovo/kollektsionirovanie/fursyut_osnova_gieny_8262242842
основа фурсьюта,all,,5 000 ₽,,,,https://www.avito.ru/simferopol/odezhda_obuv_aksessuary/osnova_dlya_fursyuta_sobaka_7634726322
основа фурсьюта,all,"Ещё
1 фото",2 400 ₽,,,,https://www.avito.ru/ryazan/odezhda_obuv_aksessuary/osnova_dlya_fursyuta_lis_psovye_3709169850
основа фурсьюта,all,"Ещё
2 фото",1 850 ₽,,,,https://www.avito.ru/staryy_oskol/odezhda_obuv_aksessuary/osnova_dlya_mehovogo_kostyuma_fursyut_giena_2306418548
основа фурсьюта,all,"Ещё
4 фото",1 900 ₽,,,,https://www.avito.ru/kursk/odezhda_obuv_aksessuary/furri_osnova_fursyut_tigropchel_8136842189
основа фурсьюта,all,"Ещё
5 фото",450 ₽,,,,https://www.avito.ru/krasnodar/odezhda_obuv_aksessuary/cherep_osnova_dlya_kospleyafursyuta_8233763095
основа фурсьюта,all,"Ещё
5 фото",6 000 ₽,,,,https://www.avito.ru/orel/odezhda_obuv_aksessuary/fursyuty_na_zakaz_4945509706
основа фурсьюта,all,,4 000 ₽,,,,https://www.avito.ru/sankt-peterburg/kollektsionirovanie/fursyut_osnova_furri_maska_meh_8229008927
основа фурсьюта,all,,1 870 ₽,,,,https://www.avito.ru/kolomna/odezhda_obuv_aksessuary/osnova_dlya_fursyuta_koshka_8127704995
основа фурсьюта,all,"Ещё
2 фото",3 300 ₽,,,,https://www.avito.ru/tutaev/odezhda_obuv_aksessuary/maska_osnova_dlya_fursyuta._furri._osnova_bu_4223201045
основа фурсьюта,all,,3 500 ₽,,,,https://www.avito.ru/udmurtiya_zavyalovo/odezhda_obuv_aksessuary/osnova_dlya_fursyuta_zubastaya_7274631477
основа фурсьюта,all,,4 000 ₽,,,,https://www.avito.ru/moskva/odezhda_obuv_aksessuary/osnova_kot_dlya_fursyuta_4136304876
основа фурсьюта,all,,1 100 ₽,,,,https://www.avito.ru/serpuhov/odezhda_obuv_aksessuary/hvost_dlya_fursyuta_7801908010
основа фурсьюта,all,"Ещё
4 фото",4 300 ₽,,,,https://www.avito.ru/moskva/kollektsionirovanie/fursyut_osnova_dlya_fursyuta_4677390405
основа фурсьюта,all,"Ещё
5 фото",1 318 ₽,,,,https://www.avito.ru/moskva/odezhda_obuv_aksessuary/fursyuty_i_chasti_na_zakaz_opisanie_7839273216
основа фурсьюта,all,,1 000 ₽,,,,https://www.avito.ru/ufa/kollektsionirovanie/prodam_vse_svoi_fursyuty_8342081093
основа фурсьюта,all,,2 500 ₽,,,,https://www.avito.ru/zhigulevsk/kollektsionirovanie/novaya_osnova_dlya_fursyutaangelskiy_drakon_7739832599
основа фурсьюта,all,"Ещё
5 фото",3 000 ₽,,,,https://www.avito.ru/chelyabinsk/odezhda_obuv_aksessuary/fursyut_skalldog_8280190174
основа фурсьюта,all,"Ещё
5 фото",4 298 ₽,,,,https://www.avito.ru/yoshkar-ola/odezhda_obuv_aksessuary/dakotaraptor_osnova_dlya_fursyuta_2971254644
основа фурсьюта,all,"Ещё
1 фото",2 700 ₽,,,,https://www.avito.ru/kostroma/krasota_i_zdorove/osnova_dlya_fursyuta_koshki_8213332762
основа фурсьюта,all,,2 000 ₽,,,,https://www.avito.ru/yoshkar-ola/kollektsionirovanie/lis_osnova_dlya_fursyuta_furri_detskiy_8021338816
основа фурсьюта,all,,Бесплатно,,,,https://www.avito.ru/donetsk/odezhda_obuv_aksessuary/osnova_dlya_fursyuta_iz_porolona_7887747972
основа фурсьюта,all,,2 000 ₽,,,,https://www.avito.ru/ekaterinburg/odezhda_obuv_aksessuary/osnova_dlya_fursyuta_4696414397
основа фурсьюта,all,"Ещё
2 фото",3 500 ₽,,,,https://www.avito.ru/moskva/kollektsionirovanie/osnova_dlya_fursyuta_angelskiy_drakon_8081222388
основа фурсьюта,all,,1 000 ₽,,,,https://www.avito.ru/kachkanar/odezhda_obuv_aksessuary/kogti_dlya_fursyuta_fotopolimernye_7979327056
основа фурсьюта,all,,4 395 ₽,,,,https://www.avito.ru/lipetsk/odezhda_obuv_aksessuary/fursyut_osnova_kemonokimono_milaya_8290098588
основа фурсьюта,all,,549 ₽,,,,https://www.avito.ru/moskva/kollektsionirovanie/fursyut_osnova_opisanie_7988718996
основа фурсьюта,all,,650 ₽,,,,https://www.avito.ru/cherepovets/odezhda_obuv_aksessuary/osnova_dlya_fursyuta_7999329086
основа фурсьюта,all,"Ещё
4 фото",3 000 ₽,,,,https://www.avito.ru/severodvinsk/odezhda_obuv_aksessuary/furri_hvost_8168169354
основа фурсьюта,all,,1 300 ₽,,,,https://www.avito.ru/moskva/odezhda_obuv_aksessuary/osnova_dlya_fursyuta_fenek_lisa_8224982085
основа фурсьюта,all,,439 ₽,,,,https://www.avito.ru/kaliningrad/odezhda_obuv_aksessuary/osnova_dlya_fursyuta_na_peredelku_porolon_8198680094
основа фурсьюта,all,,2 500 ₽,,,,https://www.avito.ru/krasnoyarsk/kollektsionirovanie/osnova_golova_volka_dlya_fursyuta_3d_pechat_7985064107
основа фурсьюта,all,,1 200 ₽,,,,https://www.avito.ru/rostovskaya_oblast_aksay/sport_i_otdyh/maska_raptoraosnova_dlya_fursyuta_8221713552
основа фурсьюта,all,"Ещё
5 фото",3 100 ₽,,7 дней назад,,https://www.avito.ru/belgorod/odezhda_obuv_aksessuary/porolonovaya_osnova_dlya_fursyuta_kot_8327720406
основа фурсьюта,all,,1 000 ₽,,,,https://www.avito.ru/kostroma/odezhda_obuv_aksessuary/osnova_dlya_kospleyafursyuta_kemonokigurumi_8145179130
основа фурсьюта,all,,1 000 ₽,,,,https://www.avito.ru/sverdlovskaya_oblast_revda/odezhda_obuv_aksessuary/osnova_dlya_fursyuta_7215772388
основа фурсьюта,all,,1 999 ₽,,,,https://www.avito.ru/moskva/odezhda_obuv_aksessuary/maska_kemono_lisenok_osnova_dlya_fursyuta_4163524258
основа фурсьюта,all,"Ещё
1 фото",5 250 ₽,,,,https://www.avito.ru/yoshkar-ola/tovary_dlya_zhivotnyh/fizzarolli_osnova_doya_fursyutakospleya_3867548255
